UID_V6,FNODE_,type,WSCSSDANAM,,,,WSCSDANAME,WSCMDANAME,OCEAN,dam_NAME
443720,1998570,dam,Upper Saint John - Verte,,,,Saint John and Southern Bay of Fundy (N.B.),Maritime Provinces Drainage Area,Atlantic Ocean,SECOND FALLS DAM
1050720,2000620,dam,Upper Saint John - Verte,,,,Saint John and Southern Bay of Fundy (N.B.),Maritime Provinces Drainage Area,Atlantic Ocean,GRAND FALLS
442720,1999470,dam,Tobique,,,,Saint John and Southern Bay of Fundy (N.B.),Maritime Provinces Drainage Area,Atlantic Ocean,SISSON LAKE
441720,2002970,dam,Tobique,,,,Saint John and Southern Bay of Fundy (N.B.),Maritime Provinces Drainage Area,Atlantic Ocean,TOBIQUE
439720,2005240,dam,Central Saint John - Becaguimec,,,,Saint John and Southern Bay of Fundy (N.B.),Maritime Provinces Drainage Area,Atlantic Ocean,BEECHWOOD
440720,2005530,dam,Central Saint John - Becaguimec,,,,Saint John and Southern Bay of Fundy (N.B.),Maritime Provinces Drainage Area,Atlantic Ocean,HARGROVE
435720,2012990,dam,Central Saint John - Keswick,,,,Saint John and Southern Bay of Fundy (N.B.),Maritime Provinces Drainage Area,Atlantic Ocean,MACTAQUAC
436720,2023060,dam,Magaguadavic,,,,Saint John and Southern Bay of Fundy (N.B.),Maritime Provinces Drainage Area,Atlantic Ocean,MUSQUASH WEST BRANCH
437720,2023750,dam,Magaguadavic,,,,Saint John and Southern Bay of Fundy (N.B.),Maritime Provinces Drainage Area,Atlantic Ocean,MUSQUASH EAST BRANCH
438720,2023500,dam,Magaguadavic,,,,Saint John and Southern Bay of Fundy (N.B.),Maritime Provinces Drainage Area,Atlantic Ocean,LOG FALLS
428720,1995720,dam,Chaleur Bay - Northwestern,,,,Gulf of St. Lawrence and Northern Bay of Fundy (N.B.),Maritime Provinces Drainage Area,Atlantic Ocean,SAINT-ELZÉAR
445720,1995780,dam,Chaleur Bay - Northwestern,,,,Gulf of St. Lawrence and Northern Bay of Fundy (N.B.),Maritime Provinces Drainage Area,Atlantic Ocean,"ÉPERLAN, RUISSEAU DE L'"
430720,1992780,dam,Chaleur Bay - Gulf of St. Lawrence,,,,Gulf of St. Lawrence and Northern Bay of Fundy (N.B.),Maritime Provinces Drainage Area,Atlantic Ocean,MINES GASPÉ (PRISE D'EAU 2)
429720,1992790,dam,Chaleur Bay - Gulf of St. Lawrence,,,,Gulf of St. Lawrence and Northern Bay of Fundy (N.B.),Maritime Provinces Drainage Area,Atlantic Ocean,MINES GASPÉ (PRISE D'EAU 1)
444720,1996800,dam,Chaleur Bay - Southwestern,,,,Gulf of St. Lawrence and Northern Bay of Fundy (N.B.),Maritime Provinces Drainage Area,Atlantic Ocean,CHARLO RIVER
432720,2011850,dam,Petitcodiac,,,,Gulf of St. Lawrence and Northern Bay of Fundy (N.B.),Maritime Provinces Drainage Area,Atlantic Ocean,PETITCODIAC
433720,2013680,dam,Petitcodiac,,,,Gulf of St. Lawrence and Northern Bay of Fundy (N.B.),Maritime Provinces Drainage Area,Atlantic Ocean,TANTRAMAR
431720,2012340,dam,Petitcodiac,,,,Gulf of St. Lawrence and Northern Bay of Fundy (N.B.),Maritime Provinces Drainage Area,Atlantic Ocean,TURTLE CREEK
434720,2015640,dam,Point Wolfe,,,,Gulf of St. Lawrence and Northern Bay of Fundy (N.B.),Maritime Provinces Drainage Area,Atlantic Ocean,SHEPODY
834720,2034040,dam,Sissiboo,,,,Bay of Fundy and Gulf of St. Lawrence (N.S.),Maritime Provinces Drainage Area,Atlantic Ocean,SAM HARRIS
838720,2034210,dam,Sissiboo,,,,Bay of Fundy and Gulf of St. Lawrence (N.S.),Maritime Provinces Drainage Area,Atlantic Ocean,RIDGE
835720,2034510,dam,Sissiboo,,,,Bay of Fundy and Gulf of St. Lawrence (N.S.),Maritime Provinces Drainage Area,Atlantic Ocean,LAKE MULGRAVE
826720,2035700,dam,Sissiboo,,,,Bay of Fundy and Gulf of St. Lawrence (N.S.),Maritime Provinces Drainage Area,Atlantic Ocean,WING DAM #2
828720,2035890,dam,Sissiboo,,,,Bay of Fundy and Gulf of St. Lawrence (N.S.),Maritime Provinces Drainage Area,Atlantic Ocean,SISSIBOO FALLS
827720,2036100,dam,Sissiboo,,,,Bay of Fundy and Gulf of St. Lawrence (N.S.),Maritime Provinces Drainage Area,Atlantic Ocean,WEYMOUTH FALLS
455720,2036600,dam,Sissiboo,,,,Bay of Fundy and Gulf of St. Lawrence (N.S.),Maritime Provinces Drainage Area,Atlantic Ocean,FOURTH LAKE
837720,2029400,dam,Annapolis,,,,Bay of Fundy and Gulf of St. Lawrence (N.S.),Maritime Provinces Drainage Area,Atlantic Ocean,NICTAUX
829720,2030660,dam,Annapolis,,,,Bay of Fundy and Gulf of St. Lawrence (N.S.),Maritime Provinces Drainage Area,Atlantic Ocean,ANNAPOLIS RIVER
456720,2031470,dam,Annapolis,,,,Bay of Fundy and Gulf of St. Lawrence (N.S.),Maritime Provinces Drainage Area,Atlantic Ocean,LEQUILLE
808720,2026390,dam,Gaspereau,,,,Bay of Fundy and Gulf of St. Lawrence (N.S.),Maritime Provinces Drainage Area,Atlantic Ocean,LUMSDEN
809720,2026240,dam,Gaspereau,,,,Bay of Fundy and Gulf of St. Lawrence (N.S.),Maritime Provinces Drainage Area,Atlantic Ocean,HELLGATE
839720,2028290,dam,Gaspereau,,,,Bay of Fundy and Gulf of St. Lawrence (N.S.),Maritime Provinces Drainage Area,Atlantic Ocean,METHALS
822720,2026980,dam,Avon,,,,Bay of Fundy and Gulf of St. Lawrence (N.S.),Maritime Provinces Drainage Area,Atlantic Ocean,AVON RIVER CAUSEWAY
830720,2027940,dam,Avon,,,,Bay of Fundy and Gulf of St. Lawrence (N.S.),Maritime Provinces Drainage Area,Atlantic Ocean,PARSONS
832720,2028980,dam,Avon,,,,Bay of Fundy and Gulf of St. Lawrence (N.S.),Maritime Provinces Drainage Area,Atlantic Ocean,MACDONALD
810720,2029230,dam,Avon,,,,Bay of Fundy and Gulf of St. Lawrence (N.S.),Maritime Provinces Drainage Area,Atlantic Ocean,FALLS DAM
825720,2028440,dam,Avon,,,,Bay of Fundy and Gulf of St. Lawrence (N.S.),Maritime Provinces Drainage Area,Atlantic Ocean,UPPER ST. CROIX
833720,2017160,dam,East and West River of Pictou,,,,Bay of Fundy and Gulf of St. Lawrence (N.S.),Maritime Provinces Drainage Area,Atlantic Ocean,MIDDLE RIVER
836720,2017870,dam,South and West Antigonish,,,,Bay of Fundy and Gulf of St. Lawrence (N.S.),Maritime Provinces Drainage Area,Atlantic Ocean,BRIERLY BROOK
807720,2039350,dam,Mersey,,,,Southeastern Atlantic Ocean (N.S.),Maritime Provinces Drainage Area,Atlantic Ocean,UPPER LAKE FALLS
454720,2039540,dam,Mersey,,,,Southeastern Atlantic Ocean (N.S.),Maritime Provinces Drainage Area,Atlantic Ocean,BIG FALLS
824720,2039620,dam,Mersey,,,,Southeastern Atlantic Ocean (N.S.),Maritime Provinces Drainage Area,Atlantic Ocean,LOWER LAKE FALLS
453720,2040290,dam,Mersey,,,,Southeastern Atlantic Ocean (N.S.),Maritime Provinces Drainage Area,Atlantic Ocean,DEEP BROOK
812720,2040340,dam,Mersey,,,,Southeastern Atlantic Ocean (N.S.),Maritime Provinces Drainage Area,Atlantic Ocean,COWIE FALLS
831720,2029680,dam,St. Margarets Bay,,,,Southeastern Atlantic Ocean (N.S.),Maritime Provinces Drainage Area,Atlantic Ocean,BIG INDIAN
457720,2030910,dam,St. Margarets Bay,,,,Southeastern Atlantic Ocean (N.S.),Maritime Provinces Drainage Area,Atlantic Ocean,SANDY LAKE
821720,2025100,dam,East and West River Sheet Harbour,,,,Southeastern Atlantic Ocean (N.S.),Maritime Provinces Drainage Area,Atlantic Ocean,ANTI DAM
452720,2021570,dam,New Harbour,,,,Southeastern Atlantic Ocean (N.S.),Maritime Provinces Drainage Area,Atlantic Ocean,TOM'S LAKE
448720,2004250,dam,Chéticamp,,,,Cape Breton Island,Maritime Provinces Drainage Area,Atlantic Ocean,CHETICAMP
449720,2005100,dam,Indian,,,,Cape Breton Island,Maritime Provinces Drainage Area,Atlantic Ocean,SOUTH GISBORNE LAKE
450720,2005050,dam,Indian,,,,Cape Breton Island,Maritime Provinces Drainage Area,Atlantic Ocean,WRECK COVE BROOK
811720,2005190,dam,Indian,,,,Cape Breton Island,Maritime Provinces Drainage Area,Atlantic Ocean,SURGE LAKE
806720,2005280,dam,Indian,,,,Cape Breton Island,Maritime Provinces Drainage Area,Atlantic Ocean,WRECK COVE POWER PROJECT
451720,2005560,dam,Indian,,,,Cape Breton Island,Maritime Provinces Drainage Area,Atlantic Ocean,MCMILLAN
1067720,3793960,dam, ,,,, ,St. Lawrence Drainage Area,Atlantic Ocean,"RIVIÈRE-DES-PRAIRIES, BARRAGE DE LA (ÉVACUATEUR, REMBLAI AV ÎLE VISTA)"
695720,3799050,dam, ,,,, ,St. Lawrence Drainage Area,Atlantic Ocean,POINTE-DES-CASCADES
697720,3799300,dam, ,,,, ,St. Lawrence Drainage Area,Atlantic Ocean,BEAUHARNOIS
584720,3764350,dam, ,,,, ,St. Lawrence Drainage Area,Atlantic Ocean,MARCHES NATURELLES
585720,3771180,dam, ,,,, ,St. Lawrence Drainage Area,Atlantic Ocean,DONNACONA
726720,3662490,dam, ,,,, ,St. Lawrence Drainage Area,Atlantic Ocean,LAC A LA CHASSE
950720,3695860,dam, ,,,, ,St. Lawrence Drainage Area,Atlantic Ocean,"MITIS-2, BARRAGE DE LA"
1107720,3686730,dam, ,,,, ,St. Lawrence Drainage Area,Atlantic Ocean,SAULT-AUX-COCHONS
698720,3794360,dam,Lower Ottawa - South Nation,,,,Lower Ottawa,St. Lawrence Drainage Area,Atlantic Ocean,CARILLON
688720,3790240,dam,Rouge and Nord,,,,Lower Ottawa,St. Lawrence Drainage Area,Atlantic Ocean,CHUTES WILSON
747720,3789970,dam,Rouge and Nord,,,,Lower Ottawa,St. Lawrence Drainage Area,Atlantic Ocean,CHUTE BELL
748720,3790670,dam,Rouge and Nord,,,,Lower Ottawa,St. Lawrence Drainage Area,Atlantic Ocean,CHUTE BELL DÉVERSOIR
701720,3791350,dam,Rouge and Nord,,,,Lower Ottawa,St. Lawrence Drainage Area,Atlantic Ocean,JEAN MARCHAND
700720,3792550,dam,Rouge and Nord,,,,Lower Ottawa,St. Lawrence Drainage Area,Atlantic Ocean,AYERS 1
672720,3755750,dam,Upper Lièvre,,,,Lower Ottawa,St. Lawrence Drainage Area,Atlantic Ocean,MITCHINAMECUS
649720,3773000,dam,Upper Lièvre,,,,Lower Ottawa,St. Lawrence Drainage Area,Atlantic Ocean,KIAMIKA
1114720,3784710,dam,Lower Lièvre,,,,Lower Ottawa,St. Lawrence Drainage Area,Atlantic Ocean,RAPIDE-DES-CEDRES
987720,3789240,dam,Lower Lièvre,,,,Lower Ottawa,St. Lawrence Drainage Area,Atlantic Ocean,HIGH FALLS (1) - ÉVACUATEUR
707720,3794020,dam,Lower Lièvre,,,,Lower Ottawa,St. Lawrence Drainage Area,Atlantic Ocean,CHUTES DUFFERIN
706720,3794150,dam,Lower Lièvre,,,,Lower Ottawa,St. Lawrence Drainage Area,Atlantic Ocean,MASSON
691720,3799130,dam,Upper St. Lawrence - Raisin,,,,Upper St. Lawrence,St. Lawrence Drainage Area,Atlantic Ocean,POINTE DU BUISSON
693720,3799440,dam,Upper St. Lawrence - Raisin,,,,Upper St. Lawrence,St. Lawrence Drainage Area,Atlantic Ocean,SAINT-TIMOTHÉE
692720,3799460,dam,Upper St. Lawrence - Raisin,,,,Upper St. Lawrence,St. Lawrence Drainage Area,Atlantic Ocean,CEDARS (CONCRETE DAM)
694720,3799350,dam,Upper St. Lawrence - Raisin,,,,Upper St. Lawrence,St. Lawrence Drainage Area,Atlantic Ocean,CEDARS (WING DAM)
985720,3800100,dam,Upper St. Lawrence - Raisin,,,,Upper St. Lawrence,St. Lawrence Drainage Area,Atlantic Ocean,"COTEAU-1, BARRAGE DU (COTEAU DROIT)"
986720,3800030,dam,Upper St. Lawrence - Raisin,,,,Upper St. Lawrence,St. Lawrence Drainage Area,Atlantic Ocean,"COTEAU-3, BARRAGE DU (COTEAU GAUCHE)"
1095720,3804240,dam,Upper St. Lawrence - Raisin,,,,Upper St. Lawrence,St. Lawrence Drainage Area,Atlantic Ocean,R.H. SAUNDERS MAIN
1137720,3807140,dam,Upper St. Lawrence - Raisin,,,,Upper St. Lawrence,St. Lawrence Drainage Area,Atlantic Ocean,IROQUOIS CONTROL
720720,3706710,dam,Headwaters Saint-Maurice,,,,Saint-Maurice,St. Lawrence Drainage Area,Atlantic Ocean,GOUIN
749720,3737270,dam,Manouane,,,,Saint-Maurice,St. Lawrence Drainage Area,Atlantic Ocean,"MANOUANE """"C"""""
715720,3735650,dam,Upper Saint-Maurice,,,,Saint-Maurice,St. Lawrence Drainage Area,Atlantic Ocean,"RAPIDE BLANC, BARRAGE DE"
716720,3737340,dam,Upper Saint-Maurice,,,,Saint-Maurice,St. Lawrence Drainage Area,Atlantic Ocean,TRENCHE
718720,3742730,dam,Central Saint-Maurice,,,,Saint-Maurice,St. Lawrence Drainage Area,Atlantic Ocean,BEAUMONT
717720,3748730,dam,Central Saint-Maurice,,,,Saint-Maurice,St. Lawrence Drainage Area,Atlantic Ocean,LA TUQUE
683720,3767470,dam,Matawin,,,,Saint-Maurice,St. Lawrence Drainage Area,Atlantic Ocean,MATAWIN REMBLAI RIVE GAUCHE
682720,3767490,dam,Matawin,,,,Saint-Maurice,St. Lawrence Drainage Area,Atlantic Ocean,MATAWIN BARRAGE PRINCIPAL
1064720,3771560,dam,Lower Saint-Maurice,,,,Saint-Maurice,St. Lawrence Drainage Area,Atlantic Ocean,GRAND-MÈRE
681720,3774780,dam,Lower Saint-Maurice,,,,Saint-Maurice,St. Lawrence Drainage Area,Atlantic Ocean,SHAWINIGAN
677720,3776890,dam,Lower Saint-Maurice,,,,Saint-Maurice,St. Lawrence Drainage Area,Atlantic Ocean,LA GABELLE
684720,3785700,dam,L'Assomption,,,,Central St. Lawrence,St. Lawrence Drainage Area,Atlantic Ocean,RAWDON
587720,3785280,dam,Nicolet,,,,Central St. Lawrence,St. Lawrence Drainage Area,Atlantic Ocean,BEAUDET
577720,3792020,dam,Upper Saint-François,,,,Central St. Lawrence,St. Lawrence Drainage Area,Atlantic Ocean,WEEDON
578720,3795580,dam,Upper Saint-François,,,,Central St. Lawrence,St. Lawrence Drainage Area,Atlantic Ocean,WESTBURY
580720,3797670,dam,Upper Saint-François,,,,Central St. Lawrence,St. Lawrence Drainage Area,Atlantic Ocean,ABENAQUIS
579720,3797730,dam,Upper Saint-François,,,,Central St. Lawrence,St. Lawrence Drainage Area,Atlantic Ocean,FRONTENAC
581720,3798700,dam,Upper Saint-François,,,,Central St. Lawrence,St. Lawrence Drainage Area,Atlantic Ocean,ROCK FOREST
702720,3800040,dam,Upper Saint-François,,,,Central St. Lawrence,St. Lawrence Drainage Area,Atlantic Ocean,LA GRANDE DAME
752720,3801900,dam,Upper Saint-François,,,,Central St. Lawrence,St. Lawrence Drainage Area,Atlantic Ocean,CHUTE BURROUGHS
703720,3788780,dam,Lower Saint-François,,,,Central St. Lawrence,St. Lawrence Drainage Area,Atlantic Ocean,DRUMMONDVILLE
704720,3789220,dam,Lower Saint-François,,,,Central St. Lawrence,St. Lawrence Drainage Area,Atlantic Ocean,CHUTE HEMMINGS
582720,3796130,dam,Lower Saint-François,,,,Central St. Lawrence,St. Lawrence Drainage Area,Atlantic Ocean,LAROCQUE
1065720,3797130,dam,Yamaska,,,,Central St. Lawrence,St. Lawrence Drainage Area,Atlantic Ocean,CHOINIÈRE
1115720,3789190,dam,Richelieu,,,,Central St. Lawrence,St. Lawrence Drainage Area,Atlantic Ocean,SAINT-OURS
705720,3796730,dam,Richelieu,,,,Central St. Lawrence,St. Lawrence Drainage Area,Atlantic Ocean,CHAMBLY
676720,3774010,dam,Batiscan,,,,Lower St. Lawrence,St. Lawrence Drainage Area,Atlantic Ocean,SAINT-NARCISSE
675720,3768250,dam,Sainte-Anne,,,,Lower St. Lawrence,St. Lawrence Drainage Area,Atlantic Ocean,SAINT-ALBAN
947720,3758860,dam,Lower St. Lawrence - Gouffre,,,,Lower St. Lawrence,St. Lawrence Drainage Area,Atlantic Ocean,"SEPT-CHUTES, BARRAGE DES"
948720,3759350,dam,Lower St. Lawrence - Gouffre,,,,Lower St. Lawrence,St. Lawrence Drainage Area,Atlantic Ocean,"SEPT CHUTES, MUR DE DÉRIVATION AVAL DES"
754720,3760610,dam,Lower St. Lawrence - Gouffre,,,,Lower St. Lawrence,St. Lawrence Drainage Area,Atlantic Ocean,JEAN LAROSE
588720,3739360,dam,Malbaie,,,,Lower St. Lawrence,St. Lawrence Drainage Area,Atlantic Ocean,CLERMONT
794720,3737520,dam,Lower St. Lawrence - Loup,,,,Lower St. Lawrence,St. Lawrence Drainage Area,Atlantic Ocean,SAINT-ANTONIN
591720,3741230,dam,Lower St. Lawrence - Loup,,,,Lower St. Lawrence,St. Lawrence Drainage Area,Atlantic Ocean,MORIN
583720,3770670,dam,Etchemin,,,,Lower St. Lawrence,St. Lawrence Drainage Area,Atlantic Ocean,ARMAGH
586720,3772950,dam,Etchemin,,,,Lower St. Lawrence,St. Lawrence Drainage Area,Atlantic Ocean,JEAN GUERIN
757720,3784870,dam,Chaudière,,,,Lower St. Lawrence,St. Lawrence Drainage Area,Atlantic Ocean,SARTIGAN
1058720,3703620,dam,Rimouski,,,,Northern Gaspé Peninsula,St. Lawrence Drainage Area,Atlantic Ocean,RIVIÈRE NEIGETTE
949720,3709230,dam,Rimouski,,,,Northern Gaspé Peninsula,St. Lawrence Drainage Area,Atlantic Ocean,"MITIS, BARRAGE"
1057720,3716740,dam,Rimouski,,,,Northern Gaspé Peninsula,St. Lawrence Drainage Area,Atlantic Ocean,MISTIGOUGÈCHE
593720,3690730,dam,Matane,,,,Northern Gaspé Peninsula,St. Lawrence Drainage Area,Atlantic Ocean,MATANE (LAC)
1063720,3596330,dam,Upper Peribonca,,,,Saguenay,St. Lawrence Drainage Area,Atlantic Ocean,RIVIÈRE BONNARD (AMÉNAGEMENT LAC MANOUANE)
739720,3596700,dam,Upper Peribonca,,,,Saguenay,St. Lawrence Drainage Area,Atlantic Ocean,"MANOUANE, LAC"
966720,3649480,dam,Central Peribonca,,,,Saguenay,St. Lawrence Drainage Area,Atlantic Ocean, PAMOUSCACHIOU-2
965720,3630970,dam,Lower Peribonca,,,,Saguenay,St. Lawrence Drainage Area,Atlantic Ocean,"PASSES DANGEREUSES, BARRAGE DES"
625720,3687320,dam,Lower Peribonca,,,,Saguenay,St. Lawrence Drainage Area,Atlantic Ocean,CHUTE-DU-DIABLE
1059720,3687860,dam,Lower Peribonca,,,,Saguenay,St. Lawrence Drainage Area,Atlantic Ocean,CHUTE À LA SAVANE
765720,3680800,dam,Lac Saint-Jean - Mistassini,,,,Saguenay,St. Lawrence Drainage Area,Atlantic Ocean,MINASHTUK (CENTRALE)
955720,3695900,dam,Lac Saint-Jean,,,,Saguenay,St. Lawrence Drainage Area,Atlantic Ocean,"L'ISLE-MALIGNE, BARRAGE DE (PRINCIPAL)"
958720,3697860,dam,Lac Saint-Jean,,,,Saguenay,St. Lawrence Drainage Area,Atlantic Ocean,"L'ISLE-MALIGNE-7, ÉVACUATEUR DE"
600720,3715030,dam,Saguenay - Mouth,,,,Saguenay,St. Lawrence Drainage Area,Atlantic Ocean,ANSE-SAINT-JEAN
609720,3681730,dam,Saguenay - Mouth,,,,Saguenay,St. Lawrence Drainage Area,Atlantic Ocean,ONATCHIWAY
606720,3689420,dam,Saguenay - Mouth,,,,Saguenay,St. Lawrence Drainage Area,Atlantic Ocean,BETSY
607720,3693670,dam,Saguenay - Mouth,,,,Saguenay,St. Lawrence Drainage Area,Atlantic Ocean,ADAM CUNNINGHAM
608720,3693770,dam,Saguenay - Mouth,,,,Saguenay,St. Lawrence Drainage Area,Atlantic Ocean,CHUTE AUX GALETS
1003720,3694410,dam,Saguenay - Mouth,,,,Saguenay,St. Lawrence Drainage Area,Atlantic Ocean,"MURDOCK-WILSON, BARRAGE"
1004720,3701380,dam,Saguenay - Mouth,,,,Saguenay,St. Lawrence Drainage Area,Atlantic Ocean,"MURDOCK-WILSON, DIGUE"
1136720,3701420,dam,Saguenay - Mouth,,,,Saguenay,St. Lawrence Drainage Area,Atlantic Ocean,CHUTE-À-CARON
1111720,3703440,dam,Saguenay - Mouth,,,,Saguenay,St. Lawrence Drainage Area,Atlantic Ocean,BESY
1110720,3704000,dam,Saguenay - Mouth,,,,Saguenay,St. Lawrence Drainage Area,Atlantic Ocean,CHICOUTIMI
1135720,3704140,dam,Saguenay - Mouth,,,,Saguenay,St. Lawrence Drainage Area,Atlantic Ocean,AMÉNAGEMENT JONQUIÈRE
1108720,3704500,dam,Saguenay - Mouth,,,,Saguenay,St. Lawrence Drainage Area,Atlantic Ocean,CHUTE BLANCHETTE
1109720,3705010,dam,Saguenay - Mouth,,,,Saguenay,St. Lawrence Drainage Area,Atlantic Ocean,PONT-ARNAUD
621720,3707500,dam,Saguenay - Mouth,,,,Saguenay,St. Lawrence Drainage Area,Atlantic Ocean,PIBRAC OUEST
617720,3709900,dam,Saguenay - Mouth,,,,Saguenay,St. Lawrence Drainage Area,Atlantic Ocean,PORTAGE-DES-ROCHES
601720,3722080,dam,Saguenay - Mouth,,,,Saguenay,St. Lawrence Drainage Area,Atlantic Ocean,DIGUE DU LAC HA! HA!
731720,3657000,dam,Upper Betsiamites,,,,Betsiamites - Coast,St. Lawrence Drainage Area,Atlantic Ocean,PIPMUACAN RÉSERVOIR (LAC CASSÉ) - BETSIAMITES
1005720,3658610,dam,Upper Betsiamites,,,,Betsiamites - Coast,St. Lawrence Drainage Area,Atlantic Ocean, PAMOUSCACHIOU-1
732720,3659820,dam,Upper Betsiamites,,,,Betsiamites - Coast,St. Lawrence Drainage Area,Atlantic Ocean,PIPMUACAN RÉSERVOIR (LAC CASSÉ) - DESROCHES
640720,3666600,dam,Lower Betsiamites,,,,Betsiamites - Coast,St. Lawrence Drainage Area,Atlantic Ocean,"BERSIMIS II, MAIN"
951720,3694000,dam,Portneuf,,,,Betsiamites - Coast,St. Lawrence Drainage Area,Atlantic Ocean,PORTNEUF-1
998720,3545830,dam,Upper Manicouagan,,,,Manicouagan and aux Outardes,St. Lawrence Drainage Area,Atlantic Ocean,"HART-JAUNE, BARRAGE DE LA (AMÉNAGEMENT PRINCIPAL, BARRAGE SUPERIEUR)"
1002720,3545930,dam,Upper Manicouagan,,,,Manicouagan and aux Outardes,St. Lawrence Drainage Area,Atlantic Ocean,"HART-JAUNE, BARRAGE INTERMÉDIAIRE DE LA"
736720,3600120,dam,Upper Manicouagan,,,,Manicouagan and aux Outardes,St. Lawrence Drainage Area,Atlantic Ocean,DANIEL JOHNSON (MANIC 5)
997720,3600120,dam,Upper Manicouagan,,,,Manicouagan and aux Outardes,St. Lawrence Drainage Area,Atlantic Ocean,MANIC-5 ÉVACUATEUR PRINCIPAL
989720,3626500,dam,Lower Manicouagan,,,,Manicouagan and aux Outardes,St. Lawrence Drainage Area,Atlantic Ocean,LAC SAINTE-ANNE - ÉVACUATEUR DE CRUE
1009720,3630340,dam,Lower Manicouagan,,,,Manicouagan and aux Outardes,St. Lawrence Drainage Area,Atlantic Ocean,LAC SAINTE-ANNE - REMBLAI SUD-EST
1022720,3639600,dam,Lower Manicouagan,,,,Manicouagan and aux Outardes,St. Lawrence Drainage Area,Atlantic Ocean,"MANIC-3, PRINCIPAL BARRAGE"
1023720,3639600,dam,Lower Manicouagan,,,,Manicouagan and aux Outardes,St. Lawrence Drainage Area,Atlantic Ocean,"MANIC-3 SECONDAIRE, ÉVACUATEUR"
991720,3658520,dam,Lower Manicouagan,,,,Manicouagan and aux Outardes,St. Lawrence Drainage Area,Atlantic Ocean,MANIC-2
724720,3665790,dam,Lower Manicouagan,,,,Manicouagan and aux Outardes,St. Lawrence Drainage Area,Atlantic Ocean,MCCORMICK
971720,3636640,dam,Lower aux Outardes,,,,Manicouagan and aux Outardes,St. Lawrence Drainage Area,Atlantic Ocean,"OUTARDES-4, REMBLAI NO. 4 AUX"
970720,3641520,dam,Lower aux Outardes,,,,Manicouagan and aux Outardes,St. Lawrence Drainage Area,Atlantic Ocean,"OUTARDES-4, BARRAGE AUX (REMBLAI NO. 1)"
1006720,3644130,dam,Lower aux Outardes,,,,Manicouagan and aux Outardes,St. Lawrence Drainage Area,Atlantic Ocean,"OUTARDES-3, BARRAGE AUX (PRINCIPAL)"
995720,3668090,dam,Lower aux Outardes,,,,Manicouagan and aux Outardes,St. Lawrence Drainage Area,Atlantic Ocean,"OUTARDES-2, BARRAGE AUX (BARRAGES PRINCIPAL, DIGUE OUEST)"
993720,3668430,dam,Lower aux Outardes,,,,Manicouagan and aux Outardes,St. Lawrence Drainage Area,Atlantic Ocean,"OUTARDES-2, AUXILLIAIRE NO. 5 AUX"
727720,3659400,dam,Pentecôte,,,,Moisie and St. Lawrence Estuary,St. Lawrence Drainage Area,Atlantic Ocean,LAC AUX ANGLAIS
733720,3623010,dam,Sainte-Marguerite,,,,Moisie and St. Lawrence Estuary,St. Lawrence Drainage Area,Atlantic Ocean,SAINTE-MARGUERITE (SM-2)
734720,3623310,dam,Sainte-Marguerite,,,,Moisie and St. Lawrence Estuary,St. Lawrence Drainage Area,Atlantic Ocean,SAINTE-MARGUERITE (SM-3)
592720,3582990,dam,Petit Mécatina - Coast,,,,Petit Mécatina and Strait of Belle Isle,St. Lawrence Drainage Area,Atlantic Ocean,"LAC ROBERTSON, BARRAGE PRINCIPAL"
467720,3626620,dam,Western White Bay,,,,Northern Newfoundland,St. Lawrence Drainage Area,Atlantic Ocean,CAT ARM DAM WEST (CD-6)
946720,3628680,dam,Western White Bay,,,,Northern Newfoundland,St. Lawrence Drainage Area,Atlantic Ocean,"CAT ARM DAM """"D"""" (CD-9)"
492720,3628790,dam,Western White Bay,,,,Northern Newfoundland,St. Lawrence Drainage Area,Atlantic Ocean,"CAT ARM DAM """"A"""" (CD-8)"
469720,3666230,dam,Humber - Upper,,,,Northern Newfoundland,St. Lawrence Drainage Area,Atlantic Ocean,MAIN DIVERSION DAM - GRAND LAKE RESERVOIR
470720,3671340,dam,Humber - Upper,,,,Northern Newfoundland,St. Lawrence Drainage Area,Atlantic Ocean,GOOSE POND (HD-6)
795720,3672740,dam,Humber - Upper,,,,Northern Newfoundland,St. Lawrence Drainage Area,Atlantic Ocean,HINDS LAKE POWER CANAL DYKE (HD-PC)
471720,3675070,dam,Humber - Upper,,,,Northern Newfoundland,St. Lawrence Drainage Area,Atlantic Ocean,BLUE GRASS (HD-5)
797720,3688020,dam,Red Indian Lake,,,,Northern Newfoundland,St. Lawrence Drainage Area,Atlantic Ocean,EXPLOITS
473720,3697730,dam,Red Indian Lake,,,,Northern Newfoundland,St. Lawrence Drainage Area,Atlantic Ocean,STAR LAKE MAIN DAM
475720,3707520,dam,Red Indian Lake,,,,Northern Newfoundland,St. Lawrence Drainage Area,Atlantic Ocean,"VICTORIA DYKE """"A"""" (VD-4)"
480720,3675050,dam,Exploits,,,,Northern Newfoundland,St. Lawrence Drainage Area,Atlantic Ocean,RATTLING LAKE
482720,3739010,dam,La Poile Bay,,,,Southern Newfoundland,St. Lawrence Drainage Area,Atlantic Ocean,ROSE BLANCHE FOREBAY
479720,3717190,dam,White Bear Bay,,,,Southern Newfoundland,St. Lawrence Drainage Area,Atlantic Ocean,BURNT DAM (MD-11)
478720,3717970,dam,White Bear Bay,,,,Southern Newfoundland,St. Lawrence Drainage Area,Atlantic Ocean,BURNT CANAL DYKE (MD-BC)
481720,3716800,dam,Grey,,,,Southern Newfoundland,St. Lawrence Drainage Area,Atlantic Ocean,PUDOPS (MD-2)
483720,3708710,dam,Hermitage Bay,,,,Southern Newfoundland,St. Lawrence Drainage Area,Atlantic Ocean,NORTH SALMON DAM (SD-2)
485720,3716490,dam,Hermitage Bay,,,,Southern Newfoundland,St. Lawrence Drainage Area,Atlantic Ocean,UPPER SALMON P.C. DYKES (SD-PC)
486720,3716260,dam,Hermitage Bay,,,,Southern Newfoundland,St. Lawrence Drainage Area,Atlantic Ocean,UPPER SALMON INTAKE DYKE (SD-IN)
484720,3716580,dam,Hermitage Bay,,,,Southern Newfoundland,St. Lawrence Drainage Area,Atlantic Ocean,WEST SALMON DAM (SD-1)
489720,3727190,dam,Hermitage Bay,,,,Southern Newfoundland,St. Lawrence Drainage Area,Atlantic Ocean,P.C. EMBANKMENT - BAY D'ESPOIR (LD-1)
487720,3728610,dam,Hermitage Bay,,,,Southern Newfoundland,St. Lawrence Drainage Area,Atlantic Ocean,SALMON DAM (LD-5)
459720,3739500,dam,Southwestern Placentia Bay,,,,Southern Newfoundland,St. Lawrence Drainage Area,Atlantic Ocean,PARADISE RIVER (PD-1)
458720,3765160,dam,Southwestern Placentia Bay,,,,Southern Newfoundland,St. Lawrence Drainage Area,Atlantic Ocean,FALL POND
465720,3724940,dam,Trinity Bay,,,,Southern Newfoundland,St. Lawrence Drainage Area,Atlantic Ocean,SEAL COVE POND
464720,3725980,dam,Trinity Bay,,,,Southern Newfoundland,St. Lawrence Drainage Area,Atlantic Ocean,PITMAN'S POND
756720,3748220,dam,Conception Bay,,,,Southern Newfoundland,St. Lawrence Drainage Area,Atlantic Ocean,THOMAS POND (MANUELS)
460720,3753900,dam,Eastern Coast Newfoundland,,,,Southern Newfoundland,St. Lawrence Drainage Area,Atlantic Ocean,MOBILE BIG POND
461720,3755880,dam,Eastern Coast Newfoundland,,,,Southern Newfoundland,St. Lawrence Drainage Area,Atlantic Ocean,TORS COVE POND - EAST TORS COVE POND - WEST
463720,3758180,dam,Eastern Coast Newfoundland,,,,Southern Newfoundland,St. Lawrence Drainage Area,Atlantic Ocean,MOUNT CARMEL
462720,3759580,dam,Eastern Coast Newfoundland,,,,Southern Newfoundland,St. Lawrence Drainage Area,Atlantic Ocean,CAPE BROYLE POND
