FID,COMID,type,HUC10_Name,HUC10,HUC8_Name,HUC8,HUC6_Name,HUC6,HUC4_Name,HUC4,HUC2_Name,HUC2
0,10466473,outlet,Sand Ridge-Bodie Island,301020517,Albemarle,3010205,Albemarle-Chowan,30102,Chowan-Roanoke,301,South Atlantic-Gulf Region,3
16284,10451774,outlet,Plymouth-Roanoke River,301010709,Lower Roanoke,3010107,Roanoke,30101,Chowan-Roanoke,301,South Atlantic-Gulf Region,3
16287,10452202,outlet,Plymouth-Roanoke River,301010709,Lower Roanoke,3010107,Roanoke,30101,Chowan-Roanoke,301,South Atlantic-Gulf Region,3
16291,10452348,outlet,Outlet Cashie River,301010708,Lower Roanoke,3010107,Roanoke,30101,Chowan-Roanoke,301,South Atlantic-Gulf Region,3
16351,10452332,outlet,Plymouth-Roanoke River,301010709,Lower Roanoke,3010107,Roanoke,30101,Chowan-Roanoke,301,South Atlantic-Gulf Region,3
21326,26815201,outlet,Chowan River,301020307,Chowan,3010203,Albemarle-Chowan,30102,Chowan-Roanoke,301,South Atlantic-Gulf Region,3
24127,10480441,outlet,Albemarle Sound-Croatan Sound,301020514,Albemarle,3010205,Albemarle-Chowan,30102,Chowan-Roanoke,301,South Atlantic-Gulf Region,3
24128,10482033,outlet,Albemarle Sound-Croatan Sound,301020514,Albemarle,3010205,Albemarle-Chowan,30102,Chowan-Roanoke,301,South Atlantic-Gulf Region,3
24132,10480531,outlet,Croatan Sound,301020515,Albemarle,3010205,Albemarle-Chowan,30102,Chowan-Roanoke,301,South Atlantic-Gulf Region,3
24134,10482041,outlet,Albemarle Sound-Croatan Sound,301020514,Albemarle,3010205,Albemarle-Chowan,30102,Chowan-Roanoke,301,South Atlantic-Gulf Region,3
24900,10466001,outlet,Sand Ridge-Bodie Island,301020517,Albemarle,3010205,Albemarle-Chowan,30102,Chowan-Roanoke,301,South Atlantic-Gulf Region,3
24904,10466019,outlet,Currituck Sound,301020513,Albemarle,3010205,Albemarle-Chowan,30102,Chowan-Roanoke,301,South Atlantic-Gulf Region,3
24910,10466053,outlet,Currituck Sound,301020513,Albemarle,3010205,Albemarle-Chowan,30102,Chowan-Roanoke,301,South Atlantic-Gulf Region,3
24949,10466157,outlet,North Landing River,301020512,Albemarle,3010205,Albemarle-Chowan,30102,Chowan-Roanoke,301,South Atlantic-Gulf Region,3
24957,10466177,outlet,North Landing River,301020512,Albemarle,3010205,Albemarle-Chowan,30102,Chowan-Roanoke,301,South Atlantic-Gulf Region,3
24958,10466181,outlet,Currituck Sound,301020513,Albemarle,3010205,Albemarle-Chowan,30102,Chowan-Roanoke,301,South Atlantic-Gulf Region,3
24961,10466191,outlet,Sand Ridge-Bodie Island,301020517,Albemarle,3010205,Albemarle-Chowan,30102,Chowan-Roanoke,301,South Atlantic-Gulf Region,3
24963,10466205,outlet,Currituck Sound,301020513,Albemarle,3010205,Albemarle-Chowan,30102,Chowan-Roanoke,301,South Atlantic-Gulf Region,3
24973,10466233,outlet,Currituck Sound,301020513,Albemarle,3010205,Albemarle-Chowan,30102,Chowan-Roanoke,301,South Atlantic-Gulf Region,3
24979,10466517,outlet,North Landing River,301020512,Albemarle,3010205,Albemarle-Chowan,30102,Chowan-Roanoke,301,South Atlantic-Gulf Region,3
25032,10476959,outlet,North Landing River,301020512,Albemarle,3010205,Albemarle-Chowan,30102,Chowan-Roanoke,301,South Atlantic-Gulf Region,3
25033,10476975,outlet,Currituck Sound,301020513,Albemarle,3010205,Albemarle-Chowan,30102,Chowan-Roanoke,301,South Atlantic-Gulf Region,3
25034,10476979,outlet,Currituck Sound,301020513,Albemarle,3010205,Albemarle-Chowan,30102,Chowan-Roanoke,301,South Atlantic-Gulf Region,3
25035,10476977,outlet,Currituck Sound,301020513,Albemarle,3010205,Albemarle-Chowan,30102,Chowan-Roanoke,301,South Atlantic-Gulf Region,3
25036,10476971,outlet,Currituck Sound,301020513,Albemarle,3010205,Albemarle-Chowan,30102,Chowan-Roanoke,301,South Atlantic-Gulf Region,3
25037,10476969,outlet,Currituck Sound,301020513,Albemarle,3010205,Albemarle-Chowan,30102,Chowan-Roanoke,301,South Atlantic-Gulf Region,3
25038,10476967,outlet,Currituck Sound,301020513,Albemarle,3010205,Albemarle-Chowan,30102,Chowan-Roanoke,301,South Atlantic-Gulf Region,3
25039,10476983,outlet,Currituck Sound,301020513,Albemarle,3010205,Albemarle-Chowan,30102,Chowan-Roanoke,301,South Atlantic-Gulf Region,3
25043,10476997,outlet,Sand Ridge-Bodie Island,301020517,Albemarle,3010205,Albemarle-Chowan,30102,Chowan-Roanoke,301,South Atlantic-Gulf Region,3
25044,10477003,outlet,Sand Ridge-Bodie Island,301020517,Albemarle,3010205,Albemarle-Chowan,30102,Chowan-Roanoke,301,South Atlantic-Gulf Region,3
25045,10476991,outlet,Currituck Sound,301020513,Albemarle,3010205,Albemarle-Chowan,30102,Chowan-Roanoke,301,South Atlantic-Gulf Region,3
25046,10476993,outlet,Currituck Sound,301020513,Albemarle,3010205,Albemarle-Chowan,30102,Chowan-Roanoke,301,South Atlantic-Gulf Region,3
25047,10476989,outlet,Currituck Sound,301020513,Albemarle,3010205,Albemarle-Chowan,30102,Chowan-Roanoke,301,South Atlantic-Gulf Region,3
25048,10477005,outlet,Sand Ridge-Bodie Island,301020517,Albemarle,3010205,Albemarle-Chowan,30102,Chowan-Roanoke,301,South Atlantic-Gulf Region,3
25049,10476981,outlet,Currituck Sound,301020513,Albemarle,3010205,Albemarle-Chowan,30102,Chowan-Roanoke,301,South Atlantic-Gulf Region,3
25057,10477021,outlet,Currituck Sound,301020513,Albemarle,3010205,Albemarle-Chowan,30102,Chowan-Roanoke,301,South Atlantic-Gulf Region,3
25058,10477025,outlet,Currituck Sound,301020513,Albemarle,3010205,Albemarle-Chowan,30102,Chowan-Roanoke,301,South Atlantic-Gulf Region,3
25060,10477071,outlet,North River,301020510,Albemarle,3010205,Albemarle-Chowan,30102,Chowan-Roanoke,301,South Atlantic-Gulf Region,3
25062,10477097,outlet,North River,301020510,Albemarle,3010205,Albemarle-Chowan,30102,Chowan-Roanoke,301,South Atlantic-Gulf Region,3
25064,10477083,outlet,Currituck Sound,301020513,Albemarle,3010205,Albemarle-Chowan,30102,Chowan-Roanoke,301,South Atlantic-Gulf Region,3
25070,10477043,outlet,Currituck Sound,301020513,Albemarle,3010205,Albemarle-Chowan,30102,Chowan-Roanoke,301,South Atlantic-Gulf Region,3
25071,10477047,outlet,Currituck Sound,301020513,Albemarle,3010205,Albemarle-Chowan,30102,Chowan-Roanoke,301,South Atlantic-Gulf Region,3
25072,10477057,outlet,Currituck Sound,301020513,Albemarle,3010205,Albemarle-Chowan,30102,Chowan-Roanoke,301,South Atlantic-Gulf Region,3
25073,10477059,outlet,Currituck Sound,301020513,Albemarle,3010205,Albemarle-Chowan,30102,Chowan-Roanoke,301,South Atlantic-Gulf Region,3
25075,10477073,outlet,Sand Ridge-Bodie Island,301020517,Albemarle,3010205,Albemarle-Chowan,30102,Chowan-Roanoke,301,South Atlantic-Gulf Region,3
25079,10477095,outlet,Currituck Sound,301020513,Albemarle,3010205,Albemarle-Chowan,30102,Chowan-Roanoke,301,South Atlantic-Gulf Region,3
25080,10477061,outlet,Sand Ridge-Bodie Island,301020517,Albemarle,3010205,Albemarle-Chowan,30102,Chowan-Roanoke,301,South Atlantic-Gulf Region,3
25082,10477125,outlet,North River,301020510,Albemarle,3010205,Albemarle-Chowan,30102,Chowan-Roanoke,301,South Atlantic-Gulf Region,3
25083,10477233,outlet,North River,301020510,Albemarle,3010205,Albemarle-Chowan,30102,Chowan-Roanoke,301,South Atlantic-Gulf Region,3
25085,10477135,outlet,Currituck Sound,301020513,Albemarle,3010205,Albemarle-Chowan,30102,Chowan-Roanoke,301,South Atlantic-Gulf Region,3
25086,10477143,outlet,Currituck Sound,301020513,Albemarle,3010205,Albemarle-Chowan,30102,Chowan-Roanoke,301,South Atlantic-Gulf Region,3
25087,10477145,outlet,Currituck Sound,301020513,Albemarle,3010205,Albemarle-Chowan,30102,Chowan-Roanoke,301,South Atlantic-Gulf Region,3
25088,10477099,outlet,Sand Ridge-Bodie Island,301020517,Albemarle,3010205,Albemarle-Chowan,30102,Chowan-Roanoke,301,South Atlantic-Gulf Region,3
25089,10477101,outlet,Sand Ridge-Bodie Island,301020517,Albemarle,3010205,Albemarle-Chowan,30102,Chowan-Roanoke,301,South Atlantic-Gulf Region,3
25090,10477107,outlet,Sand Ridge-Bodie Island,301020517,Albemarle,3010205,Albemarle-Chowan,30102,Chowan-Roanoke,301,South Atlantic-Gulf Region,3
25091,10477109,outlet,Sand Ridge-Bodie Island,301020517,Albemarle,3010205,Albemarle-Chowan,30102,Chowan-Roanoke,301,South Atlantic-Gulf Region,3
25095,10477103,outlet,Sand Ridge-Bodie Island,301020517,Albemarle,3010205,Albemarle-Chowan,30102,Chowan-Roanoke,301,South Atlantic-Gulf Region,3
25099,10477141,outlet,North River,301020510,Albemarle,3010205,Albemarle-Chowan,30102,Chowan-Roanoke,301,South Atlantic-Gulf Region,3
25100,10477147,outlet,North River,301020510,Albemarle,3010205,Albemarle-Chowan,30102,Chowan-Roanoke,301,South Atlantic-Gulf Region,3
25101,10477123,outlet,Sand Ridge-Bodie Island,301020517,Albemarle,3010205,Albemarle-Chowan,30102,Chowan-Roanoke,301,South Atlantic-Gulf Region,3
25102,10477165,outlet,Albemarle Sound-Croatan Sound,301020514,Albemarle,3010205,Albemarle-Chowan,30102,Chowan-Roanoke,301,South Atlantic-Gulf Region,3
25103,10477167,outlet,Albemarle Sound-Croatan Sound,301020514,Albemarle,3010205,Albemarle-Chowan,30102,Chowan-Roanoke,301,South Atlantic-Gulf Region,3
25104,10477159,outlet,Albemarle Sound-Croatan Sound,301020514,Albemarle,3010205,Albemarle-Chowan,30102,Chowan-Roanoke,301,South Atlantic-Gulf Region,3
25106,10477157,outlet,Currituck Sound,301020513,Albemarle,3010205,Albemarle-Chowan,30102,Chowan-Roanoke,301,South Atlantic-Gulf Region,3
25107,10477155,outlet,Currituck Sound,301020513,Albemarle,3010205,Albemarle-Chowan,30102,Chowan-Roanoke,301,South Atlantic-Gulf Region,3
25108,10477185,outlet,Albemarle Sound-Croatan Sound,301020514,Albemarle,3010205,Albemarle-Chowan,30102,Chowan-Roanoke,301,South Atlantic-Gulf Region,3
25110,10477191,outlet,Albemarle Sound-Croatan Sound,301020514,Albemarle,3010205,Albemarle-Chowan,30102,Chowan-Roanoke,301,South Atlantic-Gulf Region,3
25111,10477195,outlet,Albemarle Sound-Croatan Sound,301020514,Albemarle,3010205,Albemarle-Chowan,30102,Chowan-Roanoke,301,South Atlantic-Gulf Region,3
25112,10477197,outlet,Albemarle Sound-Croatan Sound,301020514,Albemarle,3010205,Albemarle-Chowan,30102,Chowan-Roanoke,301,South Atlantic-Gulf Region,3
25115,10477667,outlet,Albemarle Sound-Croatan Sound,301020514,Albemarle,3010205,Albemarle-Chowan,30102,Chowan-Roanoke,301,South Atlantic-Gulf Region,3
29101,10479269,outlet,Little River,301020505,Albemarle,3010205,Albemarle-Chowan,30102,Chowan-Roanoke,301,South Atlantic-Gulf Region,3
29102,10479251,outlet,Little River,301020505,Albemarle,3010205,Albemarle-Chowan,30102,Chowan-Roanoke,301,South Atlantic-Gulf Region,3
29116,10478927,outlet,Pasquotank River,301020507,Albemarle,3010205,Albemarle-Chowan,30102,Chowan-Roanoke,301,South Atlantic-Gulf Region,3
29129,10479427,outlet,Edenton Bay-Albemarle Sound,301020501,Albemarle,3010205,Albemarle-Chowan,30102,Chowan-Roanoke,301,South Atlantic-Gulf Region,3
29132,10479441,outlet,Edenton Bay-Albemarle Sound,301020501,Albemarle,3010205,Albemarle-Chowan,30102,Chowan-Roanoke,301,South Atlantic-Gulf Region,3
29161,10479369,outlet,Yeopim River-Albemarle Sound,301020504,Albemarle,3010205,Albemarle-Chowan,30102,Chowan-Roanoke,301,South Atlantic-Gulf Region,3
29163,10479409,outlet,Yeopim River-Albemarle Sound,301020504,Albemarle,3010205,Albemarle-Chowan,30102,Chowan-Roanoke,301,South Atlantic-Gulf Region,3
29170,10479415,outlet,Edenton Bay-Albemarle Sound,301020501,Albemarle,3010205,Albemarle-Chowan,30102,Chowan-Roanoke,301,South Atlantic-Gulf Region,3
29186,10479777,outlet,Perquimmans River,301020503,Albemarle,3010205,Albemarle-Chowan,30102,Chowan-Roanoke,301,South Atlantic-Gulf Region,3
29187,10479779,outlet,Perquimmans River,301020503,Albemarle,3010205,Albemarle-Chowan,30102,Chowan-Roanoke,301,South Atlantic-Gulf Region,3
29206,10484165,outlet,Bull Bay-Scuppernong River,301020502,Albemarle,3010205,Albemarle-Chowan,30102,Chowan-Roanoke,301,South Atlantic-Gulf Region,3
29220,10482663,outlet,Bull Bay-Scuppernong River,301020502,Albemarle,3010205,Albemarle-Chowan,30102,Chowan-Roanoke,301,South Atlantic-Gulf Region,3
29232,10482619,outlet,Bull Bay-Scuppernong River,301020502,Albemarle,3010205,Albemarle-Chowan,30102,Chowan-Roanoke,301,South Atlantic-Gulf Region,3
29235,10482617,outlet,Bull Bay-Scuppernong River,301020502,Albemarle,3010205,Albemarle-Chowan,30102,Chowan-Roanoke,301,South Atlantic-Gulf Region,3
29278,10484105,outlet,Alligator River,301020509,Albemarle,3010205,Albemarle-Chowan,30102,Chowan-Roanoke,301,South Atlantic-Gulf Region,3
29782,10480615,outlet,Albemarle Sound-Croatan Sound,301020514,Albemarle,3010205,Albemarle-Chowan,30102,Chowan-Roanoke,301,South Atlantic-Gulf Region,3
29785,10480419,outlet,Alligator River,301020509,Albemarle,3010205,Albemarle-Chowan,30102,Chowan-Roanoke,301,South Atlantic-Gulf Region,3
29786,10482023,outlet,Alligator River,301020509,Albemarle,3010205,Albemarle-Chowan,30102,Chowan-Roanoke,301,South Atlantic-Gulf Region,3
29828,10482659,outlet,Bull Bay-Scuppernong River,301020502,Albemarle,3010205,Albemarle-Chowan,30102,Chowan-Roanoke,301,South Atlantic-Gulf Region,3
29833,10482677,outlet,Edenton Bay-Albemarle Sound,301020501,Albemarle,3010205,Albemarle-Chowan,30102,Chowan-Roanoke,301,South Atlantic-Gulf Region,3
29834,10482701,outlet,Edenton Bay-Albemarle Sound,301020501,Albemarle,3010205,Albemarle-Chowan,30102,Chowan-Roanoke,301,South Atlantic-Gulf Region,3
29835,10482687,outlet,Edenton Bay-Albemarle Sound,301020501,Albemarle,3010205,Albemarle-Chowan,30102,Chowan-Roanoke,301,South Atlantic-Gulf Region,3
29836,10484713,outlet,Edenton Bay-Albemarle Sound,301020501,Albemarle,3010205,Albemarle-Chowan,30102,Chowan-Roanoke,301,South Atlantic-Gulf Region,3
29851,10482665,outlet,Edenton Bay-Albemarle Sound,301020501,Albemarle,3010205,Albemarle-Chowan,30102,Chowan-Roanoke,301,South Atlantic-Gulf Region,3
29854,10480043,outlet,Edenton Bay-Albemarle Sound,301020501,Albemarle,3010205,Albemarle-Chowan,30102,Chowan-Roanoke,301,South Atlantic-Gulf Region,3
29861,10479429,outlet,Edenton Bay-Albemarle Sound,301020501,Albemarle,3010205,Albemarle-Chowan,30102,Chowan-Roanoke,301,South Atlantic-Gulf Region,3
29869,10479439,outlet,Edenton Bay-Albemarle Sound,301020501,Albemarle,3010205,Albemarle-Chowan,30102,Chowan-Roanoke,301,South Atlantic-Gulf Region,3
29872,10480075,outlet,Yeopim River-Albemarle Sound,301020504,Albemarle,3010205,Albemarle-Chowan,30102,Chowan-Roanoke,301,South Atlantic-Gulf Region,3
29879,10479365,outlet,Yeopim River-Albemarle Sound,301020504,Albemarle,3010205,Albemarle-Chowan,30102,Chowan-Roanoke,301,South Atlantic-Gulf Region,3
29890,10479909,outlet,Perquimmans River,301020503,Albemarle,3010205,Albemarle-Chowan,30102,Chowan-Roanoke,301,South Atlantic-Gulf Region,3
29961,10477161,outlet,Albemarle Sound-Croatan Sound,301020514,Albemarle,3010205,Albemarle-Chowan,30102,Chowan-Roanoke,301,South Atlantic-Gulf Region,3
29963,10477127,outlet,Currituck Sound,301020513,Albemarle,3010205,Albemarle-Chowan,30102,Chowan-Roanoke,301,South Atlantic-Gulf Region,3
29964,10477019,outlet,Currituck Sound,301020513,Albemarle,3010205,Albemarle-Chowan,30102,Chowan-Roanoke,301,South Atlantic-Gulf Region,3
30192,10499663,outlet,North Landing River,301020512,Albemarle,3010205,Albemarle-Chowan,30102,Chowan-Roanoke,301,South Atlantic-Gulf Region,3
30193,10476965,outlet,North Landing River,301020512,Albemarle,3010205,Albemarle-Chowan,30102,Chowan-Roanoke,301,South Atlantic-Gulf Region,3
30196,10476961,outlet,North Landing River,301020512,Albemarle,3010205,Albemarle-Chowan,30102,Chowan-Roanoke,301,South Atlantic-Gulf Region,3
30197,10466155,outlet,North Landing River,301020512,Albemarle,3010205,Albemarle-Chowan,30102,Chowan-Roanoke,301,South Atlantic-Gulf Region,3
30202,10466147,outlet,North Landing River,301020512,Albemarle,3010205,Albemarle-Chowan,30102,Chowan-Roanoke,301,South Atlantic-Gulf Region,3
30204,10466145,outlet,Currituck Sound,301020513,Albemarle,3010205,Albemarle-Chowan,30102,Chowan-Roanoke,301,South Atlantic-Gulf Region,3
30207,10466131,outlet,Currituck Sound,301020513,Albemarle,3010205,Albemarle-Chowan,30102,Chowan-Roanoke,301,South Atlantic-Gulf Region,3
30210,10466129,outlet,Currituck Sound,301020513,Albemarle,3010205,Albemarle-Chowan,30102,Chowan-Roanoke,301,South Atlantic-Gulf Region,3
30215,10466121,outlet,Currituck Sound,301020513,Albemarle,3010205,Albemarle-Chowan,30102,Chowan-Roanoke,301,South Atlantic-Gulf Region,3
30216,10466113,outlet,Currituck Sound,301020513,Albemarle,3010205,Albemarle-Chowan,30102,Chowan-Roanoke,301,South Atlantic-Gulf Region,3
30218,10466445,outlet,Currituck Sound,301020513,Albemarle,3010205,Albemarle-Chowan,30102,Chowan-Roanoke,301,South Atlantic-Gulf Region,3
30219,10466439,outlet,Currituck Sound,301020513,Albemarle,3010205,Albemarle-Chowan,30102,Chowan-Roanoke,301,South Atlantic-Gulf Region,3
30220,10466063,outlet,Currituck Sound,301020513,Albemarle,3010205,Albemarle-Chowan,30102,Chowan-Roanoke,301,South Atlantic-Gulf Region,3
30221,10466431,outlet,Currituck Sound,301020513,Albemarle,3010205,Albemarle-Chowan,30102,Chowan-Roanoke,301,South Atlantic-Gulf Region,3
30222,10466041,outlet,Currituck Sound,301020513,Albemarle,3010205,Albemarle-Chowan,30102,Chowan-Roanoke,301,South Atlantic-Gulf Region,3
30244,10466035,outlet,Currituck Sound,301020513,Albemarle,3010205,Albemarle-Chowan,30102,Chowan-Roanoke,301,South Atlantic-Gulf Region,3
30246,10466023,outlet,Currituck Sound,301020513,Albemarle,3010205,Albemarle-Chowan,30102,Chowan-Roanoke,301,South Atlantic-Gulf Region,3
30248,10466021,outlet,Currituck Sound,301020513,Albemarle,3010205,Albemarle-Chowan,30102,Chowan-Roanoke,301,South Atlantic-Gulf Region,3
30250,10466421,outlet,Currituck Sound,301020513,Albemarle,3010205,Albemarle-Chowan,30102,Chowan-Roanoke,301,South Atlantic-Gulf Region,3
30251,10466013,outlet,Currituck Sound,301020513,Albemarle,3010205,Albemarle-Chowan,30102,Chowan-Roanoke,301,South Atlantic-Gulf Region,3
30252,10466003,outlet,Sand Ridge-Bodie Island,301020517,Albemarle,3010205,Albemarle-Chowan,30102,Chowan-Roanoke,301,South Atlantic-Gulf Region,3
30266,10465999,outlet,Sand Ridge-Bodie Island,301020517,Albemarle,3010205,Albemarle-Chowan,30102,Chowan-Roanoke,301,South Atlantic-Gulf Region,3
30271,10466455,outlet,Sand Ridge-Bodie Island,301020517,Albemarle,3010205,Albemarle-Chowan,30102,Chowan-Roanoke,301,South Atlantic-Gulf Region,3
30273,10466169,outlet,Currituck Sound,301020513,Albemarle,3010205,Albemarle-Chowan,30102,Chowan-Roanoke,301,South Atlantic-Gulf Region,3
30275,10466245,outlet,Sand Ridge-Bodie Island,301020517,Albemarle,3010205,Albemarle-Chowan,30102,Chowan-Roanoke,301,South Atlantic-Gulf Region,3
30280,10466333,outlet,Sand Ridge-Bodie Island,301020517,Albemarle,3010205,Albemarle-Chowan,30102,Chowan-Roanoke,301,South Atlantic-Gulf Region,3
30281,10466467,outlet,Sand Ridge-Bodie Island,301020517,Albemarle,3010205,Albemarle-Chowan,30102,Chowan-Roanoke,301,South Atlantic-Gulf Region,3
30282,10476973,outlet,Currituck Sound,301020513,Albemarle,3010205,Albemarle-Chowan,30102,Chowan-Roanoke,301,South Atlantic-Gulf Region,3
30284,10476985,outlet,Sand Ridge-Bodie Island,301020517,Albemarle,3010205,Albemarle-Chowan,30102,Chowan-Roanoke,301,South Atlantic-Gulf Region,3
30286,10477015,outlet,Sand Ridge-Bodie Island,301020517,Albemarle,3010205,Albemarle-Chowan,30102,Chowan-Roanoke,301,South Atlantic-Gulf Region,3
30288,10477013,outlet,Currituck Sound,301020513,Albemarle,3010205,Albemarle-Chowan,30102,Chowan-Roanoke,301,South Atlantic-Gulf Region,3
30290,10477245,outlet,Currituck Sound,301020513,Albemarle,3010205,Albemarle-Chowan,30102,Chowan-Roanoke,301,South Atlantic-Gulf Region,3
30300,10477053,outlet,Currituck Sound,301020513,Albemarle,3010205,Albemarle-Chowan,30102,Chowan-Roanoke,301,South Atlantic-Gulf Region,3
30302,10477055,outlet,Currituck Sound,301020513,Albemarle,3010205,Albemarle-Chowan,30102,Chowan-Roanoke,301,South Atlantic-Gulf Region,3
30304,10477049,outlet,Currituck Sound,301020513,Albemarle,3010205,Albemarle-Chowan,30102,Chowan-Roanoke,301,South Atlantic-Gulf Region,3
30305,10477069,outlet,Sand Ridge-Bodie Island,301020517,Albemarle,3010205,Albemarle-Chowan,30102,Chowan-Roanoke,301,South Atlantic-Gulf Region,3
30307,10477119,outlet,Sand Ridge-Bodie Island,301020517,Albemarle,3010205,Albemarle-Chowan,30102,Chowan-Roanoke,301,South Atlantic-Gulf Region,3
30308,10477121,outlet,Sand Ridge-Bodie Island,301020517,Albemarle,3010205,Albemarle-Chowan,30102,Chowan-Roanoke,301,South Atlantic-Gulf Region,3
30309,10477153,outlet,Currituck Sound,301020513,Albemarle,3010205,Albemarle-Chowan,30102,Chowan-Roanoke,301,South Atlantic-Gulf Region,3
30312,10477175,outlet,Albemarle Sound-Croatan Sound,301020514,Albemarle,3010205,Albemarle-Chowan,30102,Chowan-Roanoke,301,South Atlantic-Gulf Region,3
30315,10477193,outlet,Albemarle Sound-Croatan Sound,301020514,Albemarle,3010205,Albemarle-Chowan,30102,Chowan-Roanoke,301,South Atlantic-Gulf Region,3
30316,10477183,outlet,Albemarle Sound-Croatan Sound,301020514,Albemarle,3010205,Albemarle-Chowan,30102,Chowan-Roanoke,301,South Atlantic-Gulf Region,3
30317,10477173,outlet,Albemarle Sound-Croatan Sound,301020514,Albemarle,3010205,Albemarle-Chowan,30102,Chowan-Roanoke,301,South Atlantic-Gulf Region,3
30318,10477205,outlet,Albemarle Sound-Croatan Sound,301020514,Albemarle,3010205,Albemarle-Chowan,30102,Chowan-Roanoke,301,South Atlantic-Gulf Region,3
30320,10480509,outlet,Croatan Sound,301020515,Albemarle,3010205,Albemarle-Chowan,30102,Chowan-Roanoke,301,South Atlantic-Gulf Region,3
30323,10482083,outlet,Croatan Sound,301020515,Albemarle,3010205,Albemarle-Chowan,30102,Chowan-Roanoke,301,South Atlantic-Gulf Region,3
30324,10481241,outlet,Croatan Sound,301020515,Albemarle,3010205,Albemarle-Chowan,30102,Chowan-Roanoke,301,South Atlantic-Gulf Region,3
30369,10466323,outlet,Sand Ridge-Bodie Island,301020517,Albemarle,3010205,Albemarle-Chowan,30102,Chowan-Roanoke,301,South Atlantic-Gulf Region,3
30370,10466361,outlet,Sand Ridge-Bodie Island,301020517,Albemarle,3010205,Albemarle-Chowan,30102,Chowan-Roanoke,301,South Atlantic-Gulf Region,3
30872,10499569,outlet,North Landing River,301020512,Albemarle,3010205,Albemarle-Chowan,30102,Chowan-Roanoke,301,South Atlantic-Gulf Region,3
30928,10477277,outlet,North River,301020510,Albemarle,3010205,Albemarle-Chowan,30102,Chowan-Roanoke,301,South Atlantic-Gulf Region,3
30929,10477665,outlet,Albemarle Sound-Croatan Sound,301020514,Albemarle,3010205,Albemarle-Chowan,30102,Chowan-Roanoke,301,South Atlantic-Gulf Region,3
31023,10499583,outlet,Pasquotank River,301020507,Albemarle,3010205,Albemarle-Chowan,30102,Chowan-Roanoke,301,South Atlantic-Gulf Region,3
31035,10482365,outlet,Alligator River,301020509,Albemarle,3010205,Albemarle-Chowan,30102,Chowan-Roanoke,301,South Atlantic-Gulf Region,3
31130,10482385,outlet,Albemarle Sound-Croatan Sound,301020514,Albemarle,3010205,Albemarle-Chowan,30102,Chowan-Roanoke,301,South Atlantic-Gulf Region,3
31167,10480535,outlet,Albemarle Sound-Croatan Sound,301020514,Albemarle,3010205,Albemarle-Chowan,30102,Chowan-Roanoke,301,South Atlantic-Gulf Region,3
31169,10484103,outlet,Plymouth-Roanoke River,301010709,Lower Roanoke,3010107,Roanoke,30101,Chowan-Roanoke,301,South Atlantic-Gulf Region,3
31185,10484491,outlet,Alligator River,301020509,Albemarle,3010205,Albemarle-Chowan,30102,Chowan-Roanoke,301,South Atlantic-Gulf Region,3
31268,10466179,outlet,Currituck Sound,301020513,Albemarle,3010205,Albemarle-Chowan,30102,Chowan-Roanoke,301,South Atlantic-Gulf Region,3
31271,10466271,outlet,Currituck Sound,301020513,Albemarle,3010205,Albemarle-Chowan,30102,Chowan-Roanoke,301,South Atlantic-Gulf Region,3
31275,10466273,outlet,Currituck Sound,301020513,Albemarle,3010205,Albemarle-Chowan,30102,Chowan-Roanoke,301,South Atlantic-Gulf Region,3
31278,10466269,outlet,Currituck Sound,301020513,Albemarle,3010205,Albemarle-Chowan,30102,Chowan-Roanoke,301,South Atlantic-Gulf Region,3
31296,10477001,outlet,Currituck Sound,301020513,Albemarle,3010205,Albemarle-Chowan,30102,Chowan-Roanoke,301,South Atlantic-Gulf Region,3
31391,10479411,outlet,Yeopim River-Albemarle Sound,301020504,Albemarle,3010205,Albemarle-Chowan,30102,Chowan-Roanoke,301,South Atlantic-Gulf Region,3
31395,10480801,outlet,Albemarle Sound-Croatan Sound,301020514,Albemarle,3010205,Albemarle-Chowan,30102,Chowan-Roanoke,301,South Atlantic-Gulf Region,3
31449,10499605,outlet,Little River,301020505,Albemarle,3010205,Albemarle-Chowan,30102,Chowan-Roanoke,301,South Atlantic-Gulf Region,3
31488,10479911,outlet,Perquimmans River,301020503,Albemarle,3010205,Albemarle-Chowan,30102,Chowan-Roanoke,301,South Atlantic-Gulf Region,3
31604,10480417,outlet,Alligator River,301020509,Albemarle,3010205,Albemarle-Chowan,30102,Chowan-Roanoke,301,South Atlantic-Gulf Region,3
31606,10482259,outlet,Alligator River,301020509,Albemarle,3010205,Albemarle-Chowan,30102,Chowan-Roanoke,301,South Atlantic-Gulf Region,3
31630,10480049,outlet,Edenton Bay-Albemarle Sound,301020501,Albemarle,3010205,Albemarle-Chowan,30102,Chowan-Roanoke,301,South Atlantic-Gulf Region,3
31640,10480109,outlet,Yeopim River-Albemarle Sound,301020504,Albemarle,3010205,Albemarle-Chowan,30102,Chowan-Roanoke,301,South Atlantic-Gulf Region,3
31682,10480107,outlet,Little River,301020505,Albemarle,3010205,Albemarle-Chowan,30102,Chowan-Roanoke,301,South Atlantic-Gulf Region,3
31734,10476957,outlet,North Landing River,301020512,Albemarle,3010205,Albemarle-Chowan,30102,Chowan-Roanoke,301,South Atlantic-Gulf Region,3
31746,10466015,outlet,Currituck Sound,301020513,Albemarle,3010205,Albemarle-Chowan,30102,Chowan-Roanoke,301,South Atlantic-Gulf Region,3
31751,10477189,outlet,Albemarle Sound-Croatan Sound,301020514,Albemarle,3010205,Albemarle-Chowan,30102,Chowan-Roanoke,301,South Atlantic-Gulf Region,3
31752,10477187,outlet,Albemarle Sound-Croatan Sound,301020514,Albemarle,3010205,Albemarle-Chowan,30102,Chowan-Roanoke,301,South Atlantic-Gulf Region,3
31755,26816607,outlet,Bull Bay-Scuppernong River,301020502,Albemarle,3010205,Albemarle-Chowan,30102,Chowan-Roanoke,301,South Atlantic-Gulf Region,3
31982,10477663,outlet,Albemarle Sound-Croatan Sound,301020514,Albemarle,3010205,Albemarle-Chowan,30102,Chowan-Roanoke,301,South Atlantic-Gulf Region,3
31987,26816681,outlet,Currituck Sound,301020513,Albemarle,3010205,Albemarle-Chowan,30102,Chowan-Roanoke,301,South Atlantic-Gulf Region,3
39013,1970745,outlet,Pamlico River,302010407,Pamlico,3020104,Pamlico,30201,Neuse-Pamlico,302,South Atlantic-Gulf Region,3
39659,3358414,outlet,Pamlico Sound-Ocracoke Inlet,302010502,Pamlico Sound,3020105,Pamlico,30201,Neuse-Pamlico,302,South Atlantic-Gulf Region,3
39801,3358400,outlet,Pamlico Sound-Hatteras Inlet,302010503,Pamlico Sound,3020105,Pamlico,30201,Neuse-Pamlico,302,South Atlantic-Gulf Region,3
39802,3358454,outlet,Pamlico Sound-Hatteras Inlet,302010503,Pamlico Sound,3020105,Pamlico,30201,Neuse-Pamlico,302,South Atlantic-Gulf Region,3
39803,3358456,outlet,Pamlico Sound-Hatteras Inlet,302010503,Pamlico Sound,3020105,Pamlico,30201,Neuse-Pamlico,302,South Atlantic-Gulf Region,3
39804,3358458,outlet,Pamlico Sound-Hatteras Inlet,302010503,Pamlico Sound,3020105,Pamlico,30201,Neuse-Pamlico,302,South Atlantic-Gulf Region,3
39805,3358460,outlet,Pamlico Sound-Hatteras Inlet,302010503,Pamlico Sound,3020105,Pamlico,30201,Neuse-Pamlico,302,South Atlantic-Gulf Region,3
39806,3358462,outlet,Pamlico Sound-Hatteras Inlet,302010503,Pamlico Sound,3020105,Pamlico,30201,Neuse-Pamlico,302,South Atlantic-Gulf Region,3
39807,3358470,outlet,Pamlico Sound-Hatteras Inlet,302010503,Pamlico Sound,3020105,Pamlico,30201,Neuse-Pamlico,302,South Atlantic-Gulf Region,3
39813,3358464,outlet,Pamlico Sound-Hatteras Inlet,302010503,Pamlico Sound,3020105,Pamlico,30201,Neuse-Pamlico,302,South Atlantic-Gulf Region,3
39839,3359184,outlet,Lake Mattamuskeet-Rose Bay,302010501,Pamlico Sound,3020105,Pamlico,30201,Neuse-Pamlico,302,South Atlantic-Gulf Region,3
39865,3359376,outlet,Pamlico River,302010407,Pamlico,3020104,Pamlico,30201,Neuse-Pamlico,302,South Atlantic-Gulf Region,3
39866,3359228,outlet,Outlet Pungo River,302010406,Pamlico,3020104,Pamlico,30201,Neuse-Pamlico,302,South Atlantic-Gulf Region,3
39867,3359230,outlet,Outlet Pungo River,302010406,Pamlico,3020104,Pamlico,30201,Neuse-Pamlico,302,South Atlantic-Gulf Region,3
39868,3359238,outlet,Outlet Pungo River,302010406,Pamlico,3020104,Pamlico,30201,Neuse-Pamlico,302,South Atlantic-Gulf Region,3
39869,3359206,outlet,Outlet Pungo River,302010406,Pamlico,3020104,Pamlico,30201,Neuse-Pamlico,302,South Atlantic-Gulf Region,3
39870,3359774,outlet,Lake Mattamuskeet-Rose Bay,302010501,Pamlico Sound,3020105,Pamlico,30201,Neuse-Pamlico,302,South Atlantic-Gulf Region,3
39914,3359354,outlet,Lake Mattamuskeet-Rose Bay,302010501,Pamlico Sound,3020105,Pamlico,30201,Neuse-Pamlico,302,South Atlantic-Gulf Region,3
39916,3359858,outlet,Lake Mattamuskeet-Rose Bay,302010501,Pamlico Sound,3020105,Pamlico,30201,Neuse-Pamlico,302,South Atlantic-Gulf Region,3
39919,3359316,outlet,Lake Mattamuskeet-Rose Bay,302010501,Pamlico Sound,3020105,Pamlico,30201,Neuse-Pamlico,302,South Atlantic-Gulf Region,3
39924,3359370,outlet,Lake Mattamuskeet-Rose Bay,302010501,Pamlico Sound,3020105,Pamlico,30201,Neuse-Pamlico,302,South Atlantic-Gulf Region,3
39929,3359372,outlet,Lake Mattamuskeet-Rose Bay,302010501,Pamlico Sound,3020105,Pamlico,30201,Neuse-Pamlico,302,South Atlantic-Gulf Region,3
39930,3359910,outlet,Lake Mattamuskeet-Rose Bay,302010501,Pamlico Sound,3020105,Pamlico,30201,Neuse-Pamlico,302,South Atlantic-Gulf Region,3
39931,3359338,outlet,Lake Mattamuskeet-Rose Bay,302010501,Pamlico Sound,3020105,Pamlico,30201,Neuse-Pamlico,302,South Atlantic-Gulf Region,3
39942,3359340,outlet,Lake Mattamuskeet-Rose Bay,302010501,Pamlico Sound,3020105,Pamlico,30201,Neuse-Pamlico,302,South Atlantic-Gulf Region,3
40035,3359364,outlet,Lake Mattamuskeet-Rose Bay,302010501,Pamlico Sound,3020105,Pamlico,30201,Neuse-Pamlico,302,South Atlantic-Gulf Region,3
40048,3359236,outlet,Lake Mattamuskeet-Rose Bay,302010501,Pamlico Sound,3020105,Pamlico,30201,Neuse-Pamlico,302,South Atlantic-Gulf Region,3
40057,3358398,outlet,Pamlico Sound-Hatteras Inlet,302010503,Pamlico Sound,3020105,Pamlico,30201,Neuse-Pamlico,302,South Atlantic-Gulf Region,3
40066,3358452,outlet,Pamlico Sound-Hatteras Inlet,302010503,Pamlico Sound,3020105,Pamlico,30201,Neuse-Pamlico,302,South Atlantic-Gulf Region,3
40067,3358450,outlet,Pamlico Sound-Hatteras Inlet,302010503,Pamlico Sound,3020105,Pamlico,30201,Neuse-Pamlico,302,South Atlantic-Gulf Region,3
40068,3358396,outlet,Pamlico Sound-Hatteras Inlet,302010503,Pamlico Sound,3020105,Pamlico,30201,Neuse-Pamlico,302,South Atlantic-Gulf Region,3
40105,3358474,outlet,Pamlico Sound-Ocracoke Inlet,302010502,Pamlico Sound,3020105,Pamlico,30201,Neuse-Pamlico,302,South Atlantic-Gulf Region,3
40106,3358472,outlet,Pamlico Sound-Ocracoke Inlet,302010502,Pamlico Sound,3020105,Pamlico,30201,Neuse-Pamlico,302,South Atlantic-Gulf Region,3
40229,3358622,outlet,Pamlico Sound-Hatteras Inlet,302010503,Pamlico Sound,3020105,Pamlico,30201,Neuse-Pamlico,302,South Atlantic-Gulf Region,3
40241,3358636,outlet,Pamlico Sound-Ocracoke Inlet,302010502,Pamlico Sound,3020105,Pamlico,30201,Neuse-Pamlico,302,South Atlantic-Gulf Region,3
40263,3359776,outlet,Lake Mattamuskeet-Rose Bay,302010501,Pamlico Sound,3020105,Pamlico,30201,Neuse-Pamlico,302,South Atlantic-Gulf Region,3
40265,3359284,outlet,Outlet Pungo River,302010406,Pamlico,3020104,Pamlico,30201,Neuse-Pamlico,302,South Atlantic-Gulf Region,3
40363,3358402,outlet,Pamlico Sound-Hatteras Inlet,302010503,Pamlico Sound,3020105,Pamlico,30201,Neuse-Pamlico,302,South Atlantic-Gulf Region,3
40395,3358404,outlet,Pamlico Sound-Hatteras Inlet,302010503,Pamlico Sound,3020105,Pamlico,30201,Neuse-Pamlico,302,South Atlantic-Gulf Region,3
40415,3359330,outlet,Lake Mattamuskeet-Rose Bay,302010501,Pamlico Sound,3020105,Pamlico,30201,Neuse-Pamlico,302,South Atlantic-Gulf Region,3
40433,3359328,outlet,Lake Mattamuskeet-Rose Bay,302010501,Pamlico Sound,3020105,Pamlico,30201,Neuse-Pamlico,302,South Atlantic-Gulf Region,3
40440,3358448,outlet,Pamlico Sound-Hatteras Inlet,302010503,Pamlico Sound,3020105,Pamlico,30201,Neuse-Pamlico,302,South Atlantic-Gulf Region,3
40441,3358446,outlet,Pamlico Sound-Hatteras Inlet,302010503,Pamlico Sound,3020105,Pamlico,30201,Neuse-Pamlico,302,South Atlantic-Gulf Region,3
40458,3357024,outlet,Pamlico Sound-Hatteras Inlet,302010503,Pamlico Sound,3020105,Pamlico,30201,Neuse-Pamlico,302,South Atlantic-Gulf Region,3
40463,3359242,outlet,Lake Mattamuskeet-Rose Bay,302010501,Pamlico Sound,3020105,Pamlico,30201,Neuse-Pamlico,302,South Atlantic-Gulf Region,3
40465,3359076,outlet,Pamlico Sound-Hatteras Inlet,302010503,Pamlico Sound,3020105,Pamlico,30201,Neuse-Pamlico,302,South Atlantic-Gulf Region,3
40466,3358466,outlet,Pamlico Sound-Hatteras Inlet,302010503,Pamlico Sound,3020105,Pamlico,30201,Neuse-Pamlico,302,South Atlantic-Gulf Region,3
40467,3358406,outlet,Pamlico Sound-Hatteras Inlet,302010503,Pamlico Sound,3020105,Pamlico,30201,Neuse-Pamlico,302,South Atlantic-Gulf Region,3
40557,10958936,outlet,Cape Lookout Shoals-Core Banks,302010504,Pamlico Sound,3020105,Pamlico,30201,Neuse-Pamlico,302,South Atlantic-Gulf Region,3
40558,10959788,outlet,Cape Lookout Shoals-Core Banks,302010504,Pamlico Sound,3020105,Pamlico,30201,Neuse-Pamlico,302,South Atlantic-Gulf Region,3
40559,10958934,outlet,Cape Lookout Shoals-Core Banks,302010504,Pamlico Sound,3020105,Pamlico,30201,Neuse-Pamlico,302,South Atlantic-Gulf Region,3
40589,10960388,outlet,Cape Lookout Shoals-Core Banks,302010504,Pamlico Sound,3020105,Pamlico,30201,Neuse-Pamlico,302,South Atlantic-Gulf Region,3
50181,10975909,outlet,Neuse River,302020407,Lower Neuse,3020204,Neuse,30202,Neuse-Pamlico,302,South Atlantic-Gulf Region,3
50210,10978743,outlet,Neuse River,302020407,Lower Neuse,3020204,Neuse,30202,Neuse-Pamlico,302,South Atlantic-Gulf Region,3
50497,3359984,outlet,Pamlico River,302010407,Pamlico,3020104,Pamlico,30201,Neuse-Pamlico,302,South Atlantic-Gulf Region,3
50498,3359380,outlet,Pamlico Sound-Ocracoke Inlet,302010502,Pamlico Sound,3020105,Pamlico,30201,Neuse-Pamlico,302,South Atlantic-Gulf Region,3
50500,3359512,outlet,Jones Bay-Bay River,302020408,Lower Neuse,3020204,Neuse,30202,Neuse-Pamlico,302,South Atlantic-Gulf Region,3
50503,3359530,outlet,Neuse River,302020407,Lower Neuse,3020204,Neuse,30202,Neuse-Pamlico,302,South Atlantic-Gulf Region,3
50504,3359522,outlet,Jones Bay-Bay River,302020408,Lower Neuse,3020204,Neuse,30202,Neuse-Pamlico,302,South Atlantic-Gulf Region,3
50505,3359532,outlet,Neuse River,302020407,Lower Neuse,3020204,Neuse,30202,Neuse-Pamlico,302,South Atlantic-Gulf Region,3
50506,3359526,outlet,Neuse River,302020407,Lower Neuse,3020204,Neuse,30202,Neuse-Pamlico,302,South Atlantic-Gulf Region,3
50507,3359524,outlet,Neuse River,302020407,Lower Neuse,3020204,Neuse,30202,Neuse-Pamlico,302,South Atlantic-Gulf Region,3
50508,3359536,outlet,Neuse River,302020407,Lower Neuse,3020204,Neuse,30202,Neuse-Pamlico,302,South Atlantic-Gulf Region,3
50509,3359540,outlet,Neuse River,302020407,Lower Neuse,3020204,Neuse,30202,Neuse-Pamlico,302,South Atlantic-Gulf Region,3
50510,3359544,outlet,Jones Bay-Bay River,302020408,Lower Neuse,3020204,Neuse,30202,Neuse-Pamlico,302,South Atlantic-Gulf Region,3
50523,3359970,outlet,Jones Bay-Bay River,302020408,Lower Neuse,3020204,Neuse,30202,Neuse-Pamlico,302,South Atlantic-Gulf Region,3
50524,3359528,outlet,Jones Bay-Bay River,302020408,Lower Neuse,3020204,Neuse,30202,Neuse-Pamlico,302,South Atlantic-Gulf Region,3
50526,3359534,outlet,Jones Bay-Bay River,302020408,Lower Neuse,3020204,Neuse,30202,Neuse-Pamlico,302,South Atlantic-Gulf Region,3
50527,3359552,outlet,Jones Bay-Bay River,302020408,Lower Neuse,3020204,Neuse,30202,Neuse-Pamlico,302,South Atlantic-Gulf Region,3
50532,3359518,outlet,Jones Bay-Bay River,302020408,Lower Neuse,3020204,Neuse,30202,Neuse-Pamlico,302,South Atlantic-Gulf Region,3
50561,3359954,outlet,Jones Bay-Bay River,302020408,Lower Neuse,3020204,Neuse,30202,Neuse-Pamlico,302,South Atlantic-Gulf Region,3
50567,3359506,outlet,Jones Bay-Bay River,302020408,Lower Neuse,3020204,Neuse,30202,Neuse-Pamlico,302,South Atlantic-Gulf Region,3
50568,3359508,outlet,Jones Bay-Bay River,302020408,Lower Neuse,3020204,Neuse,30202,Neuse-Pamlico,302,South Atlantic-Gulf Region,3
50569,3359492,outlet,Jones Bay-Bay River,302020408,Lower Neuse,3020204,Neuse,30202,Neuse-Pamlico,302,South Atlantic-Gulf Region,3
50570,3359498,outlet,Jones Bay-Bay River,302020408,Lower Neuse,3020204,Neuse,30202,Neuse-Pamlico,302,South Atlantic-Gulf Region,3
50571,3359470,outlet,Jones Bay-Bay River,302020408,Lower Neuse,3020204,Neuse,30202,Neuse-Pamlico,302,South Atlantic-Gulf Region,3
50572,3359462,outlet,Jones Bay-Bay River,302020408,Lower Neuse,3020204,Neuse,30202,Neuse-Pamlico,302,South Atlantic-Gulf Region,3
50573,3359448,outlet,Jones Bay-Bay River,302020408,Lower Neuse,3020204,Neuse,30202,Neuse-Pamlico,302,South Atlantic-Gulf Region,3
50574,3359424,outlet,Jones Bay-Bay River,302020408,Lower Neuse,3020204,Neuse,30202,Neuse-Pamlico,302,South Atlantic-Gulf Region,3
50575,3359934,outlet,Jones Bay-Bay River,302020408,Lower Neuse,3020204,Neuse,30202,Neuse-Pamlico,302,South Atlantic-Gulf Region,3
50576,3359456,outlet,Jones Bay-Bay River,302020408,Lower Neuse,3020204,Neuse,30202,Neuse-Pamlico,302,South Atlantic-Gulf Region,3
50577,3359436,outlet,Jones Bay-Bay River,302020408,Lower Neuse,3020204,Neuse,30202,Neuse-Pamlico,302,South Atlantic-Gulf Region,3
50578,3359408,outlet,Jones Bay-Bay River,302020408,Lower Neuse,3020204,Neuse,30202,Neuse-Pamlico,302,South Atlantic-Gulf Region,3
50579,3359410,outlet,Jones Bay-Bay River,302020408,Lower Neuse,3020204,Neuse,30202,Neuse-Pamlico,302,South Atlantic-Gulf Region,3
50580,3359412,outlet,Jones Bay-Bay River,302020408,Lower Neuse,3020204,Neuse,30202,Neuse-Pamlico,302,South Atlantic-Gulf Region,3
50581,3360548,outlet,Pamlico River,302010407,Pamlico,3020104,Pamlico,30201,Neuse-Pamlico,302,South Atlantic-Gulf Region,3
50582,3359932,outlet,Jones Bay-Bay River,302020408,Lower Neuse,3020204,Neuse,30202,Neuse-Pamlico,302,South Atlantic-Gulf Region,3
50584,3359930,outlet,Jones Bay-Bay River,302020408,Lower Neuse,3020204,Neuse,30202,Neuse-Pamlico,302,South Atlantic-Gulf Region,3
50586,3359920,outlet,Pamlico River,302010407,Pamlico,3020104,Pamlico,30201,Neuse-Pamlico,302,South Atlantic-Gulf Region,3
50611,3360588,outlet,Pamlico River,302010407,Pamlico,3020104,Pamlico,30201,Neuse-Pamlico,302,South Atlantic-Gulf Region,3
50613,3360590,outlet,Jones Bay-Bay River,302020408,Lower Neuse,3020204,Neuse,30202,Neuse-Pamlico,302,South Atlantic-Gulf Region,3
50623,3359966,outlet,Jones Bay-Bay River,302020408,Lower Neuse,3020204,Neuse,30202,Neuse-Pamlico,302,South Atlantic-Gulf Region,3
50663,10959786,outlet,Neuse River-Pamlico Sound,302020409,Lower Neuse,3020204,Neuse,30202,Neuse-Pamlico,302,South Atlantic-Gulf Region,3
50664,10959790,outlet,Cape Lookout Shoals-Core Banks,302010504,Pamlico Sound,3020105,Pamlico,30201,Neuse-Pamlico,302,South Atlantic-Gulf Region,3
50665,10958932,outlet,Neuse River,302020407,Lower Neuse,3020204,Neuse,30202,Neuse-Pamlico,302,South Atlantic-Gulf Region,3
50677,10960648,outlet,Cape Lookout Shoals-Core Banks,302010504,Pamlico Sound,3020105,Pamlico,30201,Neuse-Pamlico,302,South Atlantic-Gulf Region,3
50752,10961534,outlet,Outlet White Oak River,302030102,White Oak River,3020301,Onslow Bay,30203,Neuse-Pamlico,302,South Atlantic-Gulf Region,3
50794,10961550,outlet,Bogue Banks-Bogue Sound,302030103,White Oak River,3020301,Onslow Bay,30203,Neuse-Pamlico,302,South Atlantic-Gulf Region,3
50978,10959682,outlet,Bogue Banks-Shackleford Banks,302030107,White Oak River,3020301,Onslow Bay,30203,Neuse-Pamlico,302,South Atlantic-Gulf Region,3
50979,10959690,outlet,Bogue Banks-Shackleford Banks,302030107,White Oak River,3020301,Onslow Bay,30203,Neuse-Pamlico,302,South Atlantic-Gulf Region,3
50980,10959686,outlet,Bogue Banks-Shackleford Banks,302030107,White Oak River,3020301,Onslow Bay,30203,Neuse-Pamlico,302,South Atlantic-Gulf Region,3
50981,10959700,outlet,Bogue Banks-Shackleford Banks,302030107,White Oak River,3020301,Onslow Bay,30203,Neuse-Pamlico,302,South Atlantic-Gulf Region,3
50982,10959704,outlet,Bogue Banks-Shackleford Banks,302030107,White Oak River,3020301,Onslow Bay,30203,Neuse-Pamlico,302,South Atlantic-Gulf Region,3
50997,10959726,outlet,Cape Lookout Shoals-Core Banks,302010504,Pamlico Sound,3020105,Pamlico,30201,Neuse-Pamlico,302,South Atlantic-Gulf Region,3
51000,10961558,outlet,Bogue Banks-Bogue Sound,302030103,White Oak River,3020301,Onslow Bay,30203,Neuse-Pamlico,302,South Atlantic-Gulf Region,3
51007,10961078,outlet,Bogue Banks-Bogue Sound,302030103,White Oak River,3020301,Onslow Bay,30203,Neuse-Pamlico,302,South Atlantic-Gulf Region,3
51153,10961440,outlet,Outlet White Oak River,302030102,White Oak River,3020301,Onslow Bay,30203,Neuse-Pamlico,302,South Atlantic-Gulf Region,3
51154,10961438,outlet,Outlet White Oak River,302030102,White Oak River,3020301,Onslow Bay,30203,Neuse-Pamlico,302,South Atlantic-Gulf Region,3
51155,10961054,outlet,Outlet White Oak River,302030102,White Oak River,3020301,Onslow Bay,30203,Neuse-Pamlico,302,South Atlantic-Gulf Region,3
51156,10961050,outlet,Outlet White Oak River,302030102,White Oak River,3020301,Onslow Bay,30203,Neuse-Pamlico,302,South Atlantic-Gulf Region,3
51157,10960150,outlet,Bogue Banks-Bogue Sound,302030103,White Oak River,3020301,Onslow Bay,30203,Neuse-Pamlico,302,South Atlantic-Gulf Region,3
51161,10960144,outlet,Bogue Banks-Bogue Sound,302030103,White Oak River,3020301,Onslow Bay,30203,Neuse-Pamlico,302,South Atlantic-Gulf Region,3
51168,10960132,outlet,Bogue Banks-Shackleford Banks,302030107,White Oak River,3020301,Onslow Bay,30203,Neuse-Pamlico,302,South Atlantic-Gulf Region,3
51172,10960126,outlet,Newport River,302030104,White Oak River,3020301,Onslow Bay,30203,Neuse-Pamlico,302,South Atlantic-Gulf Region,3
51175,10959640,outlet,Newport River,302030104,White Oak River,3020301,Onslow Bay,30203,Neuse-Pamlico,302,South Atlantic-Gulf Region,3
51179,10960120,outlet,Newport River,302030104,White Oak River,3020301,Onslow Bay,30203,Neuse-Pamlico,302,South Atlantic-Gulf Region,3
51184,10960108,outlet,Newport River,302030104,White Oak River,3020301,Onslow Bay,30203,Neuse-Pamlico,302,South Atlantic-Gulf Region,3
51378,10960084,outlet,North River,302030105,White Oak River,3020301,Onslow Bay,30203,Neuse-Pamlico,302,South Atlantic-Gulf Region,3
51380,10960058,outlet,North River,302030105,White Oak River,3020301,Onslow Bay,30203,Neuse-Pamlico,302,South Atlantic-Gulf Region,3
51382,10960004,outlet,Oyster Creek-Jarrett Bay,302030106,White Oak River,3020301,Onslow Bay,30203,Neuse-Pamlico,302,South Atlantic-Gulf Region,3
51385,10959952,outlet,Oyster Creek-Jarrett Bay,302030106,White Oak River,3020301,Onslow Bay,30203,Neuse-Pamlico,302,South Atlantic-Gulf Region,3
51387,10959934,outlet,Oyster Creek-Jarrett Bay,302030106,White Oak River,3020301,Onslow Bay,30203,Neuse-Pamlico,302,South Atlantic-Gulf Region,3
51389,10959808,outlet,Oyster Creek-Jarrett Bay,302030106,White Oak River,3020301,Onslow Bay,30203,Neuse-Pamlico,302,South Atlantic-Gulf Region,3
51396,10959928,outlet,Oyster Creek-Jarrett Bay,302030106,White Oak River,3020301,Onslow Bay,30203,Neuse-Pamlico,302,South Atlantic-Gulf Region,3
51397,10958950,outlet,Cape Lookout Shoals-Core Banks,302010504,Pamlico Sound,3020105,Pamlico,30201,Neuse-Pamlico,302,South Atlantic-Gulf Region,3
51408,10959688,outlet,Bogue Banks-Shackleford Banks,302030107,White Oak River,3020301,Onslow Bay,30203,Neuse-Pamlico,302,South Atlantic-Gulf Region,3
51410,10959694,outlet,Bogue Banks-Shackleford Banks,302030107,White Oak River,3020301,Onslow Bay,30203,Neuse-Pamlico,302,South Atlantic-Gulf Region,3
51411,10961060,outlet,Bogue Banks-Bogue Sound,302030103,White Oak River,3020301,Onslow Bay,30203,Neuse-Pamlico,302,South Atlantic-Gulf Region,3
51412,10959706,outlet,Bogue Banks-Shackleford Banks,302030107,White Oak River,3020301,Onslow Bay,30203,Neuse-Pamlico,302,South Atlantic-Gulf Region,3
51413,10959702,outlet,Bogue Banks-Shackleford Banks,302030107,White Oak River,3020301,Onslow Bay,30203,Neuse-Pamlico,302,South Atlantic-Gulf Region,3
51414,10959698,outlet,Bogue Banks-Shackleford Banks,302030107,White Oak River,3020301,Onslow Bay,30203,Neuse-Pamlico,302,South Atlantic-Gulf Region,3
51415,10959910,outlet,North River,302030105,White Oak River,3020301,Onslow Bay,30203,Neuse-Pamlico,302,South Atlantic-Gulf Region,3
51416,10959722,outlet,North River,302030105,White Oak River,3020301,Onslow Bay,30203,Neuse-Pamlico,302,South Atlantic-Gulf Region,3
51417,10959718,outlet,North River,302030105,White Oak River,3020301,Onslow Bay,30203,Neuse-Pamlico,302,South Atlantic-Gulf Region,3
51418,10959714,outlet,North River,302030105,White Oak River,3020301,Onslow Bay,30203,Neuse-Pamlico,302,South Atlantic-Gulf Region,3
51419,10959712,outlet,North River,302030105,White Oak River,3020301,Onslow Bay,30203,Neuse-Pamlico,302,South Atlantic-Gulf Region,3
51420,10959708,outlet,North River,302030105,White Oak River,3020301,Onslow Bay,30203,Neuse-Pamlico,302,South Atlantic-Gulf Region,3
51439,10959484,outlet,Cape Lookout Shoals-Core Banks,302010504,Pamlico Sound,3020105,Pamlico,30201,Neuse-Pamlico,302,South Atlantic-Gulf Region,3
51440,10959432,outlet,Cape Lookout Shoals-Core Banks,302010504,Pamlico Sound,3020105,Pamlico,30201,Neuse-Pamlico,302,South Atlantic-Gulf Region,3
51464,10959724,outlet,Cape Lookout Shoals-Core Banks,302010504,Pamlico Sound,3020105,Pamlico,30201,Neuse-Pamlico,302,South Atlantic-Gulf Region,3
51468,10960362,outlet,Newport River,302030104,White Oak River,3020301,Onslow Bay,30203,Neuse-Pamlico,302,South Atlantic-Gulf Region,3
51498,10959710,outlet,North River,302030105,White Oak River,3020301,Onslow Bay,30203,Neuse-Pamlico,302,South Atlantic-Gulf Region,3
51525,10960538,outlet,Bogue Banks-Shackleford Banks,302030107,White Oak River,3020301,Onslow Bay,30203,Neuse-Pamlico,302,South Atlantic-Gulf Region,3
51570,10961118,outlet,Bogue Banks-Bogue Sound,302030103,White Oak River,3020301,Onslow Bay,30203,Neuse-Pamlico,302,South Atlantic-Gulf Region,3
51678,10959716,outlet,North River,302030105,White Oak River,3020301,Onslow Bay,30203,Neuse-Pamlico,302,South Atlantic-Gulf Region,3
51679,10959412,outlet,Cape Lookout Shoals-Core Banks,302010504,Pamlico Sound,3020105,Pamlico,30201,Neuse-Pamlico,302,South Atlantic-Gulf Region,3
51691,10959696,outlet,North River,302030105,White Oak River,3020301,Onslow Bay,30203,Neuse-Pamlico,302,South Atlantic-Gulf Region,3
51692,10959692,outlet,North River,302030105,White Oak River,3020301,Onslow Bay,30203,Neuse-Pamlico,302,South Atlantic-Gulf Region,3
51765,10519268,outlet,Bogue Banks-Bogue Sound,302030103,White Oak River,3020301,Onslow Bay,30203,Neuse-Pamlico,302,South Atlantic-Gulf Region,3
51777,10519476,outlet,New River Inlet,302030203,New River,3020302,Onslow Bay,30203,Neuse-Pamlico,302,South Atlantic-Gulf Region,3
51989,10520216,outlet,Masonboro Inlet-Mason Inlet,302030205,New River,3020302,Onslow Bay,30203,Neuse-Pamlico,302,South Atlantic-Gulf Region,3
51991,10520340,outlet,Masonboro Inlet-Mason Inlet,302030205,New River,3020302,Onslow Bay,30203,Neuse-Pamlico,302,South Atlantic-Gulf Region,3
51992,10520204,outlet,Masonboro Inlet-Mason Inlet,302030205,New River,3020302,Onslow Bay,30203,Neuse-Pamlico,302,South Atlantic-Gulf Region,3
51996,10520202,outlet,Masonboro Inlet-Mason Inlet,302030205,New River,3020302,Onslow Bay,30203,Neuse-Pamlico,302,South Atlantic-Gulf Region,3
51999,10520410,outlet,Masonboro Inlet-Mason Inlet,302030205,New River,3020302,Onslow Bay,30203,Neuse-Pamlico,302,South Atlantic-Gulf Region,3
52000,10520334,outlet,Masonboro Inlet-Mason Inlet,302030205,New River,3020302,Onslow Bay,30203,Neuse-Pamlico,302,South Atlantic-Gulf Region,3
52005,10520590,outlet,Topsail Beach,302030204,New River,3020302,Onslow Bay,30203,Neuse-Pamlico,302,South Atlantic-Gulf Region,3
52008,10520406,outlet,Topsail Beach,302030204,New River,3020302,Onslow Bay,30203,Neuse-Pamlico,302,South Atlantic-Gulf Region,3
52010,10520392,outlet,Topsail Beach,302030204,New River,3020302,Onslow Bay,30203,Neuse-Pamlico,302,South Atlantic-Gulf Region,3
52013,10520328,outlet,Topsail Beach,302030204,New River,3020302,Onslow Bay,30203,Neuse-Pamlico,302,South Atlantic-Gulf Region,3
52018,10520384,outlet,Topsail Beach,302030204,New River,3020302,Onslow Bay,30203,Neuse-Pamlico,302,South Atlantic-Gulf Region,3
52020,10520374,outlet,Topsail Beach,302030204,New River,3020302,Onslow Bay,30203,Neuse-Pamlico,302,South Atlantic-Gulf Region,3
52021,10520324,outlet,New River Inlet,302030203,New River,3020302,Onslow Bay,30203,Neuse-Pamlico,302,South Atlantic-Gulf Region,3
52022,10520318,outlet,New River Inlet,302030203,New River,3020302,Onslow Bay,30203,Neuse-Pamlico,302,South Atlantic-Gulf Region,3
52025,10520366,outlet,New River Inlet,302030203,New River,3020302,Onslow Bay,30203,Neuse-Pamlico,302,South Atlantic-Gulf Region,3
52031,10520070,outlet,New River Inlet,302030203,New River,3020302,Onslow Bay,30203,Neuse-Pamlico,302,South Atlantic-Gulf Region,3
52039,10519282,outlet,New River Inlet,302030203,New River,3020302,Onslow Bay,30203,Neuse-Pamlico,302,South Atlantic-Gulf Region,3
52040,10518982,outlet,New River Inlet,302030203,New River,3020302,Onslow Bay,30203,Neuse-Pamlico,302,South Atlantic-Gulf Region,3
52043,10518970,outlet,New River Inlet,302030203,New River,3020302,Onslow Bay,30203,Neuse-Pamlico,302,South Atlantic-Gulf Region,3
52044,10518944,outlet,New River,302030202,New River,3020302,Onslow Bay,30203,Neuse-Pamlico,302,South Atlantic-Gulf Region,3
52369,10519272,outlet,Bogue Banks-Bogue Sound,302030103,White Oak River,3020301,Onslow Bay,30203,Neuse-Pamlico,302,South Atlantic-Gulf Region,3
52402,10519578,outlet,New River Inlet,302030203,New River,3020302,Onslow Bay,30203,Neuse-Pamlico,302,South Atlantic-Gulf Region,3
52424,10520588,outlet,Topsail Beach,302030204,New River,3020302,Onslow Bay,30203,Neuse-Pamlico,302,South Atlantic-Gulf Region,3
52506,10519596,outlet,New River Inlet,302030203,New River,3020302,Onslow Bay,30203,Neuse-Pamlico,302,South Atlantic-Gulf Region,3
52549,10520398,outlet,Topsail Beach,302030204,New River,3020302,Onslow Bay,30203,Neuse-Pamlico,302,South Atlantic-Gulf Region,3
52559,166737763,outlet,New River Inlet,302030203,New River,3020302,Onslow Bay,30203,Neuse-Pamlico,302,South Atlantic-Gulf Region,3
52560,166737764,outlet,New River Inlet,302030203,New River,3020302,Onslow Bay,30203,Neuse-Pamlico,302,South Atlantic-Gulf Region,3
62653,8835742,outlet,Cape Fear River,303000508,Lower Cape Fear,3030005,Cape Fear,30300,Cape Fear,303,South Atlantic-Gulf Region,3
62659,8835746,outlet,Cape Fear River,303000508,Lower Cape Fear,3030005,Cape Fear,30300,Cape Fear,303,South Atlantic-Gulf Region,3
63658,8838470,outlet,Masonboro Inlet-Mason Inlet,302030205,New River,3020302,Onslow Bay,30203,Neuse-Pamlico,302,South Atlantic-Gulf Region,3
63722,8835386,outlet,Cape Fear River,303000508,Lower Cape Fear,3030005,Cape Fear,30300,Cape Fear,303,South Atlantic-Gulf Region,3
63892,8835906,outlet,Cape Fear River,303000508,Lower Cape Fear,3030005,Cape Fear,30300,Cape Fear,303,South Atlantic-Gulf Region,3
63908,10520342,outlet,Masonboro Inlet-Mason Inlet,302030205,New River,3020302,Onslow Bay,30203,Neuse-Pamlico,302,South Atlantic-Gulf Region,3
96359,9074086,outlet,Great Pee Dee River-Winyah Bay,304020702,Carolina Coastal-Sampit,3040207,Lower Pee Dee,30402,Pee Dee,304,South Atlantic-Gulf Region,3
97003,11566106,outlet,Great Pee Dee River-Winyah Bay,304020702,Carolina Coastal-Sampit,3040207,Lower Pee Dee,30402,Pee Dee,304,South Atlantic-Gulf Region,3
97096,11565326,outlet,Great Pee Dee River-Winyah Bay,304020702,Carolina Coastal-Sampit,3040207,Lower Pee Dee,30402,Pee Dee,304,South Atlantic-Gulf Region,3
97106,11565478,outlet,Great Pee Dee River-Winyah Bay,304020702,Carolina Coastal-Sampit,3040207,Lower Pee Dee,30402,Pee Dee,304,South Atlantic-Gulf Region,3
97107,11565474,outlet,Great Pee Dee River-Winyah Bay,304020702,Carolina Coastal-Sampit,3040207,Lower Pee Dee,30402,Pee Dee,304,South Atlantic-Gulf Region,3
97108,11566038,outlet,Great Pee Dee River-Winyah Bay,304020702,Carolina Coastal-Sampit,3040207,Lower Pee Dee,30402,Pee Dee,304,South Atlantic-Gulf Region,3
97119,11566034,outlet,Great Pee Dee River-Winyah Bay,304020702,Carolina Coastal-Sampit,3040207,Lower Pee Dee,30402,Pee Dee,304,South Atlantic-Gulf Region,3
97151,11566030,outlet,Great Pee Dee River-Winyah Bay,304020702,Carolina Coastal-Sampit,3040207,Lower Pee Dee,30402,Pee Dee,304,South Atlantic-Gulf Region,3
97152,11565356,outlet,Great Pee Dee River-Winyah Bay,304020702,Carolina Coastal-Sampit,3040207,Lower Pee Dee,30402,Pee Dee,304,South Atlantic-Gulf Region,3
97155,11566166,outlet,Great Pee Dee River-Winyah Bay,304020702,Carolina Coastal-Sampit,3040207,Lower Pee Dee,30402,Pee Dee,304,South Atlantic-Gulf Region,3
97159,11566022,outlet,Great Pee Dee River-Winyah Bay,304020702,Carolina Coastal-Sampit,3040207,Lower Pee Dee,30402,Pee Dee,304,South Atlantic-Gulf Region,3
97163,11566020,outlet,Great Pee Dee River-Winyah Bay,304020702,Carolina Coastal-Sampit,3040207,Lower Pee Dee,30402,Pee Dee,304,South Atlantic-Gulf Region,3
97165,11565292,outlet,Great Pee Dee River-Winyah Bay,304020702,Carolina Coastal-Sampit,3040207,Lower Pee Dee,30402,Pee Dee,304,South Atlantic-Gulf Region,3
97169,11565268,outlet,Great Pee Dee River-Winyah Bay,304020702,Carolina Coastal-Sampit,3040207,Lower Pee Dee,30402,Pee Dee,304,South Atlantic-Gulf Region,3
97178,11566318,outlet,Great Pee Dee River-Winyah Bay,304020702,Carolina Coastal-Sampit,3040207,Lower Pee Dee,30402,Pee Dee,304,South Atlantic-Gulf Region,3
97180,11565244,outlet,Great Pee Dee River-Winyah Bay,304020702,Carolina Coastal-Sampit,3040207,Lower Pee Dee,30402,Pee Dee,304,South Atlantic-Gulf Region,3
97306,11566012,outlet,Great Pee Dee River-Winyah Bay,304020702,Carolina Coastal-Sampit,3040207,Lower Pee Dee,30402,Pee Dee,304,South Atlantic-Gulf Region,3
97314,11565340,outlet,Great Pee Dee River-Winyah Bay,304020702,Carolina Coastal-Sampit,3040207,Lower Pee Dee,30402,Pee Dee,304,South Atlantic-Gulf Region,3
97315,11565344,outlet,Great Pee Dee River-Winyah Bay,304020702,Carolina Coastal-Sampit,3040207,Lower Pee Dee,30402,Pee Dee,304,South Atlantic-Gulf Region,3
97316,11565346,outlet,Great Pee Dee River-Winyah Bay,304020702,Carolina Coastal-Sampit,3040207,Lower Pee Dee,30402,Pee Dee,304,South Atlantic-Gulf Region,3
98004,9182098,outlet,Lower Black River,304020509,Black,3040205,Lower Pee Dee,30402,Pee Dee,304,South Atlantic-Gulf Region,3
98426,11566130,outlet,North Inlet,304020804,Coastal Carolina,3040208,Lower Pee Dee,30402,Pee Dee,304,South Atlantic-Gulf Region,3
98436,11566070,outlet,Outlet Waccamaw River-Atlantic Intracoastal Waterway,304020610,Waccamaw,3040206,Lower Pee Dee,30402,Pee Dee,304,South Atlantic-Gulf Region,3
98438,11564496,outlet,Little River,304020803,Coastal Carolina,3040208,Lower Pee Dee,30402,Pee Dee,304,South Atlantic-Gulf Region,3
98455,11561432,outlet,Little River,304020803,Coastal Carolina,3040208,Lower Pee Dee,30402,Pee Dee,304,South Atlantic-Gulf Region,3
98456,11561428,outlet,Little River,304020803,Coastal Carolina,3040208,Lower Pee Dee,30402,Pee Dee,304,South Atlantic-Gulf Region,3
98457,11561424,outlet,Little River,304020803,Coastal Carolina,3040208,Lower Pee Dee,30402,Pee Dee,304,South Atlantic-Gulf Region,3
98459,11561384,outlet,Little River,304020803,Coastal Carolina,3040208,Lower Pee Dee,30402,Pee Dee,304,South Atlantic-Gulf Region,3
98460,11561632,outlet,Little River,304020803,Coastal Carolina,3040208,Lower Pee Dee,30402,Pee Dee,304,South Atlantic-Gulf Region,3
98461,11561372,outlet,Little River,304020803,Coastal Carolina,3040208,Lower Pee Dee,30402,Pee Dee,304,South Atlantic-Gulf Region,3
98467,11561316,outlet,Little River,304020803,Coastal Carolina,3040208,Lower Pee Dee,30402,Pee Dee,304,South Atlantic-Gulf Region,3
98468,11561288,outlet,Little River,304020803,Coastal Carolina,3040208,Lower Pee Dee,30402,Pee Dee,304,South Atlantic-Gulf Region,3
98469,11561286,outlet,Little River,304020803,Coastal Carolina,3040208,Lower Pee Dee,30402,Pee Dee,304,South Atlantic-Gulf Region,3
98470,11561626,outlet,Little River,304020803,Coastal Carolina,3040208,Lower Pee Dee,30402,Pee Dee,304,South Atlantic-Gulf Region,3
98920,11561412,outlet,Socastee Swamp-Waccamaw River,304020609,Waccamaw,3040206,Lower Pee Dee,30402,Pee Dee,304,South Atlantic-Gulf Region,3
98922,11561330,outlet,Little River,304020803,Coastal Carolina,3040208,Lower Pee Dee,30402,Pee Dee,304,South Atlantic-Gulf Region,3
98996,11561348,outlet,Little River,304020803,Coastal Carolina,3040208,Lower Pee Dee,30402,Pee Dee,304,South Atlantic-Gulf Region,3
99015,25909319,outlet,Little River,304020803,Coastal Carolina,3040208,Lower Pee Dee,30402,Pee Dee,304,South Atlantic-Gulf Region,3
99031,11561712,outlet,Lockwoods Folly River,304020801,Coastal Carolina,3040208,Lower Pee Dee,30402,Pee Dee,304,South Atlantic-Gulf Region,3
99110,166756387,outlet,North Inlet,304020804,Coastal Carolina,3040208,Lower Pee Dee,30402,Pee Dee,304,South Atlantic-Gulf Region,3
116111,9660752,outlet,Great Pee Dee River-Winyah Bay,304020702,Carolina Coastal-Sampit,3040207,Lower Pee Dee,30402,Pee Dee,304,South Atlantic-Gulf Region,3
117927,9660432,outlet,Great Pee Dee River-Winyah Bay,304020702,Carolina Coastal-Sampit,3040207,Lower Pee Dee,30402,Pee Dee,304,South Atlantic-Gulf Region,3
118275,9660756,outlet,Cape Romain,305020901,Bulls Bay,3050209,Edisto-South Carolina Coastal,30502,Edisto-Santee,305,South Atlantic-Gulf Region,3
119565,9629899,outlet,Ashley River,305020106,Cooper,3050201,Edisto-South Carolina Coastal,30502,Edisto-Santee,305,South Atlantic-Gulf Region,3
119656,9630001,outlet,Cooper River,305020107,Cooper,3050201,Edisto-South Carolina Coastal,30502,Edisto-Santee,305,South Atlantic-Gulf Region,3
119661,9629469,outlet,Cooper River,305020107,Cooper,3050201,Edisto-South Carolina Coastal,30502,Edisto-Santee,305,South Atlantic-Gulf Region,3
119676,9629753,outlet,Ashley River,305020106,Cooper,3050201,Edisto-South Carolina Coastal,30502,Edisto-Santee,305,South Atlantic-Gulf Region,3
119913,9629405,outlet,Cooper River,305020107,Cooper,3050201,Edisto-South Carolina Coastal,30502,Edisto-Santee,305,South Atlantic-Gulf Region,3
119915,9629411,outlet,Cooper River,305020107,Cooper,3050201,Edisto-South Carolina Coastal,30502,Edisto-Santee,305,South Atlantic-Gulf Region,3
119916,9629417,outlet,Cooper River,305020107,Cooper,3050201,Edisto-South Carolina Coastal,30502,Edisto-Santee,305,South Atlantic-Gulf Region,3
119965,9630389,outlet,Cooper River,305020107,Cooper,3050201,Edisto-South Carolina Coastal,30502,Edisto-Santee,305,South Atlantic-Gulf Region,3
119976,9629861,outlet,Wando River,305020104,Cooper,3050201,Edisto-South Carolina Coastal,30502,Edisto-Santee,305,South Atlantic-Gulf Region,3
120032,9629919,outlet,Cooper River,305020107,Cooper,3050201,Edisto-South Carolina Coastal,30502,Edisto-Santee,305,South Atlantic-Gulf Region,3
120034,9629755,outlet,Cooper River,305020107,Cooper,3050201,Edisto-South Carolina Coastal,30502,Edisto-Santee,305,South Atlantic-Gulf Region,3
120146,9633681,outlet,Stono River,305020202,South Carolina Coastal,3050202,Edisto-South Carolina Coastal,30502,Edisto-Santee,305,South Atlantic-Gulf Region,3
120471,9630051,outlet,Stono River,305020202,South Carolina Coastal,3050202,Edisto-South Carolina Coastal,30502,Edisto-Santee,305,South Atlantic-Gulf Region,3
120506,9630505,outlet,Stono River,305020202,South Carolina Coastal,3050202,Edisto-South Carolina Coastal,30502,Edisto-Santee,305,South Atlantic-Gulf Region,3
120535,9633737,outlet,Stono River,305020202,South Carolina Coastal,3050202,Edisto-South Carolina Coastal,30502,Edisto-Santee,305,South Atlantic-Gulf Region,3
120619,9629575,outlet,Stono River,305020202,South Carolina Coastal,3050202,Edisto-South Carolina Coastal,30502,Edisto-Santee,305,South Atlantic-Gulf Region,3
123757,9619605,outlet,Stono River,305020202,South Carolina Coastal,3050202,Edisto-South Carolina Coastal,30502,Edisto-Santee,305,South Atlantic-Gulf Region,3
124012,9620927,outlet,Edisto River,305020603,Edisto River,3050206,Edisto-South Carolina Coastal,30502,Edisto-Santee,305,South Atlantic-Gulf Region,3
124092,9619679,outlet,Edisto River,305020603,Edisto River,3050206,Edisto-South Carolina Coastal,30502,Edisto-Santee,305,South Atlantic-Gulf Region,3
124096,9618383,outlet,Edisto River,305020603,Edisto River,3050206,Edisto-South Carolina Coastal,30502,Edisto-Santee,305,South Atlantic-Gulf Region,3
124523,9619771,outlet,North Edisto River,305020604,Edisto River,3050206,Edisto-South Carolina Coastal,30502,Edisto-Santee,305,South Atlantic-Gulf Region,3
124816,20154863,outlet,Edisto River,305020603,Edisto River,3050206,Edisto-South Carolina Coastal,30502,Edisto-Santee,305,South Atlantic-Gulf Region,3
124825,20153109,outlet,Edisto River,305020603,Edisto River,3050206,Edisto-South Carolina Coastal,30502,Edisto-Santee,305,South Atlantic-Gulf Region,3
124848,20155261,outlet,Edisto River,305020603,Edisto River,3050206,Edisto-South Carolina Coastal,30502,Edisto-Santee,305,South Atlantic-Gulf Region,3
126164,20156425,outlet,Edisto River,305020603,Edisto River,3050206,Edisto-South Carolina Coastal,30502,Edisto-Santee,305,South Atlantic-Gulf Region,3
126499,20153075,outlet,Lower Ashepoo River,305020710,Salkehatchie,3050207,Edisto-South Carolina Coastal,30502,Edisto-Santee,305,South Atlantic-Gulf Region,3
126502,20151361,outlet,Lower Ashepoo River,305020710,Salkehatchie,3050207,Edisto-South Carolina Coastal,30502,Edisto-Santee,305,South Atlantic-Gulf Region,3
126513,20151359,outlet,Lower Ashepoo River,305020710,Salkehatchie,3050207,Edisto-South Carolina Coastal,30502,Edisto-Santee,305,South Atlantic-Gulf Region,3
126522,20153073,outlet,Edisto River,305020603,Edisto River,3050206,Edisto-South Carolina Coastal,30502,Edisto-Santee,305,South Atlantic-Gulf Region,3
126524,20153081,outlet,Edisto River,305020603,Edisto River,3050206,Edisto-South Carolina Coastal,30502,Edisto-Santee,305,South Atlantic-Gulf Region,3
126640,20154869,outlet,Edisto River,305020603,Edisto River,3050206,Edisto-South Carolina Coastal,30502,Edisto-Santee,305,South Atlantic-Gulf Region,3
126872,20161183,outlet,Coosaw River-Port Royal Sound,305020711,Salkehatchie,3050207,Edisto-South Carolina Coastal,30502,Edisto-Santee,305,South Atlantic-Gulf Region,3
127031,20156487,outlet,Combahee River,305020707,Salkehatchie,3050207,Edisto-South Carolina Coastal,30502,Edisto-Santee,305,South Atlantic-Gulf Region,3
127545,20155047,outlet,Beaufort River-Atlantic Intracoastal Waterway,305020805,Broad-St. Helena,3050208,Edisto-South Carolina Coastal,30502,Edisto-Santee,305,South Atlantic-Gulf Region,3
127549,20155207,outlet,Beaufort River-Atlantic Intracoastal Waterway,305020805,Broad-St. Helena,3050208,Edisto-South Carolina Coastal,30502,Edisto-Santee,305,South Atlantic-Gulf Region,3
127552,20154239,outlet,Beaufort River-Atlantic Intracoastal Waterway,305020805,Broad-St. Helena,3050208,Edisto-South Carolina Coastal,30502,Edisto-Santee,305,South Atlantic-Gulf Region,3
127883,20155099,outlet,Broad River-Port Royal Sound,305020806,Broad-St. Helena,3050208,Edisto-South Carolina Coastal,30502,Edisto-Santee,305,South Atlantic-Gulf Region,3
127960,20155209,outlet,Beaufort River-Atlantic Intracoastal Waterway,305020805,Broad-St. Helena,3050208,Edisto-South Carolina Coastal,30502,Edisto-Santee,305,South Atlantic-Gulf Region,3
128044,20155595,outlet,Broad River-Port Royal Sound,305020806,Broad-St. Helena,3050208,Edisto-South Carolina Coastal,30502,Edisto-Santee,305,South Atlantic-Gulf Region,3
128084,20156405,outlet,Broad River-Port Royal Sound,305020806,Broad-St. Helena,3050208,Edisto-South Carolina Coastal,30502,Edisto-Santee,305,South Atlantic-Gulf Region,3
128167,20161695,outlet,Broad River-Port Royal Sound,305020806,Broad-St. Helena,3050208,Edisto-South Carolina Coastal,30502,Edisto-Santee,305,South Atlantic-Gulf Region,3
128174,20161393,outlet,Broad River-Port Royal Sound,305020806,Broad-St. Helena,3050208,Edisto-South Carolina Coastal,30502,Edisto-Santee,305,South Atlantic-Gulf Region,3
128328,20156411,outlet,Beaufort River-Atlantic Intracoastal Waterway,305020805,Broad-St. Helena,3050208,Edisto-South Carolina Coastal,30502,Edisto-Santee,305,South Atlantic-Gulf Region,3
128522,166755566,outlet,Beaufort River-Atlantic Intracoastal Waterway,305020805,Broad-St. Helena,3050208,Edisto-South Carolina Coastal,30502,Edisto-Santee,305,South Atlantic-Gulf Region,3
128809,9629301,outlet,Bulls Bay,305020902,Bulls Bay,3050209,Edisto-South Carolina Coastal,30502,Edisto-Santee,305,South Atlantic-Gulf Region,3
128810,9629291,outlet,Bulls Bay,305020902,Bulls Bay,3050209,Edisto-South Carolina Coastal,30502,Edisto-Santee,305,South Atlantic-Gulf Region,3
128811,9629285,outlet,Bulls Bay,305020902,Bulls Bay,3050209,Edisto-South Carolina Coastal,30502,Edisto-Santee,305,South Atlantic-Gulf Region,3
128831,9629357,outlet,Bulls Bay,305020902,Bulls Bay,3050209,Edisto-South Carolina Coastal,30502,Edisto-Santee,305,South Atlantic-Gulf Region,3
128848,9629717,outlet,Wando River,305020104,Cooper,3050201,Edisto-South Carolina Coastal,30502,Edisto-Santee,305,South Atlantic-Gulf Region,3
128849,9629715,outlet,Wando River,305020104,Cooper,3050201,Edisto-South Carolina Coastal,30502,Edisto-Santee,305,South Atlantic-Gulf Region,3
128850,9629337,outlet,Wando River,305020104,Cooper,3050201,Edisto-South Carolina Coastal,30502,Edisto-Santee,305,South Atlantic-Gulf Region,3
128851,9629307,outlet,Bulls Bay,305020902,Bulls Bay,3050209,Edisto-South Carolina Coastal,30502,Edisto-Santee,305,South Atlantic-Gulf Region,3
128852,9629707,outlet,Wando River,305020104,Cooper,3050201,Edisto-South Carolina Coastal,30502,Edisto-Santee,305,South Atlantic-Gulf Region,3
128853,9629273,outlet,Bulls Bay,305020902,Bulls Bay,3050209,Edisto-South Carolina Coastal,30502,Edisto-Santee,305,South Atlantic-Gulf Region,3
128855,9629271,outlet,Bulls Bay,305020902,Bulls Bay,3050209,Edisto-South Carolina Coastal,30502,Edisto-Santee,305,South Atlantic-Gulf Region,3
128859,9629309,outlet,Bulls Bay,305020902,Bulls Bay,3050209,Edisto-South Carolina Coastal,30502,Edisto-Santee,305,South Atlantic-Gulf Region,3
128871,9629207,outlet,Bulls Bay,305020902,Bulls Bay,3050209,Edisto-South Carolina Coastal,30502,Edisto-Santee,305,South Atlantic-Gulf Region,3
128881,9629261,outlet,Bulls Bay,305020902,Bulls Bay,3050209,Edisto-South Carolina Coastal,30502,Edisto-Santee,305,South Atlantic-Gulf Region,3
128884,9629693,outlet,Bulls Bay,305020902,Bulls Bay,3050209,Edisto-South Carolina Coastal,30502,Edisto-Santee,305,South Atlantic-Gulf Region,3
128897,9629211,outlet,Bulls Bay,305020902,Bulls Bay,3050209,Edisto-South Carolina Coastal,30502,Edisto-Santee,305,South Atlantic-Gulf Region,3
128898,9629191,outlet,Bulls Bay,305020902,Bulls Bay,3050209,Edisto-South Carolina Coastal,30502,Edisto-Santee,305,South Atlantic-Gulf Region,3
128900,9629179,outlet,Bulls Bay,305020902,Bulls Bay,3050209,Edisto-South Carolina Coastal,30502,Edisto-Santee,305,South Atlantic-Gulf Region,3
128901,9629171,outlet,Bulls Bay,305020902,Bulls Bay,3050209,Edisto-South Carolina Coastal,30502,Edisto-Santee,305,South Atlantic-Gulf Region,3
128903,9629177,outlet,Bulls Bay,305020902,Bulls Bay,3050209,Edisto-South Carolina Coastal,30502,Edisto-Santee,305,South Atlantic-Gulf Region,3
128905,9629173,outlet,Bulls Bay,305020902,Bulls Bay,3050209,Edisto-South Carolina Coastal,30502,Edisto-Santee,305,South Atlantic-Gulf Region,3
128906,9626371,outlet,Bulls Bay,305020902,Bulls Bay,3050209,Edisto-South Carolina Coastal,30502,Edisto-Santee,305,South Atlantic-Gulf Region,3
128917,9626359,outlet,Cape Romain,305020901,Bulls Bay,3050209,Edisto-South Carolina Coastal,30502,Edisto-Santee,305,South Atlantic-Gulf Region,3
128923,9626367,outlet,Cape Romain,305020901,Bulls Bay,3050209,Edisto-South Carolina Coastal,30502,Edisto-Santee,305,South Atlantic-Gulf Region,3
128924,9626329,outlet,Cape Romain,305020901,Bulls Bay,3050209,Edisto-South Carolina Coastal,30502,Edisto-Santee,305,South Atlantic-Gulf Region,3
128926,9626331,outlet,Cape Romain,305020901,Bulls Bay,3050209,Edisto-South Carolina Coastal,30502,Edisto-Santee,305,South Atlantic-Gulf Region,3
128941,9627097,outlet,Cape Romain,305020901,Bulls Bay,3050209,Edisto-South Carolina Coastal,30502,Edisto-Santee,305,South Atlantic-Gulf Region,3
129030,9626251,outlet,Cape Romain,305020901,Bulls Bay,3050209,Edisto-South Carolina Coastal,30502,Edisto-Santee,305,South Atlantic-Gulf Region,3
129049,9626369,outlet,Cape Romain,305020901,Bulls Bay,3050209,Edisto-South Carolina Coastal,30502,Edisto-Santee,305,South Atlantic-Gulf Region,3
129050,9626353,outlet,Bulls Bay,305020902,Bulls Bay,3050209,Edisto-South Carolina Coastal,30502,Edisto-Santee,305,South Atlantic-Gulf Region,3
129054,9629691,outlet,Bulls Bay,305020902,Bulls Bay,3050209,Edisto-South Carolina Coastal,30502,Edisto-Santee,305,South Atlantic-Gulf Region,3
129059,9629185,outlet,Bulls Bay,305020902,Bulls Bay,3050209,Edisto-South Carolina Coastal,30502,Edisto-Santee,305,South Atlantic-Gulf Region,3
129063,9629315,outlet,Bulls Bay,305020902,Bulls Bay,3050209,Edisto-South Carolina Coastal,30502,Edisto-Santee,305,South Atlantic-Gulf Region,3
129117,9629283,outlet,Bulls Bay,305020902,Bulls Bay,3050209,Edisto-South Carolina Coastal,30502,Edisto-Santee,305,South Atlantic-Gulf Region,3
129120,9629321,outlet,Bulls Bay,305020902,Bulls Bay,3050209,Edisto-South Carolina Coastal,30502,Edisto-Santee,305,South Atlantic-Gulf Region,3
129122,9629303,outlet,Wando River,305020104,Cooper,3050201,Edisto-South Carolina Coastal,30502,Edisto-Santee,305,South Atlantic-Gulf Region,3
129123,9629281,outlet,Bulls Bay,305020902,Bulls Bay,3050209,Edisto-South Carolina Coastal,30502,Edisto-Santee,305,South Atlantic-Gulf Region,3
129152,9629875,outlet,Bulls Bay,305020902,Bulls Bay,3050209,Edisto-South Carolina Coastal,30502,Edisto-Santee,305,South Atlantic-Gulf Region,3
129154,9627247,outlet,Cape Romain,305020901,Bulls Bay,3050209,Edisto-South Carolina Coastal,30502,Edisto-Santee,305,South Atlantic-Gulf Region,3
129160,9627045,outlet,Cape Romain,305020901,Bulls Bay,3050209,Edisto-South Carolina Coastal,30502,Edisto-Santee,305,South Atlantic-Gulf Region,3
129176,9629325,outlet,Bulls Bay,305020902,Bulls Bay,3050209,Edisto-South Carolina Coastal,30502,Edisto-Santee,305,South Atlantic-Gulf Region,3
129207,9629253,outlet,Bulls Bay,305020902,Bulls Bay,3050209,Edisto-South Carolina Coastal,30502,Edisto-Santee,305,South Atlantic-Gulf Region,3
129222,9626907,outlet,Cape Romain,305020901,Bulls Bay,3050209,Edisto-South Carolina Coastal,30502,Edisto-Santee,305,South Atlantic-Gulf Region,3
129225,9627041,outlet,Cape Romain,305020901,Bulls Bay,3050209,Edisto-South Carolina Coastal,30502,Edisto-Santee,305,South Atlantic-Gulf Region,3
129255,9627119,outlet,Cape Romain,305020901,Bulls Bay,3050209,Edisto-South Carolina Coastal,30502,Edisto-Santee,305,South Atlantic-Gulf Region,3
129261,9629797,outlet,Bulls Bay,305020902,Bulls Bay,3050209,Edisto-South Carolina Coastal,30502,Edisto-Santee,305,South Atlantic-Gulf Region,3
129271,9629803,outlet,Bulls Bay,305020902,Bulls Bay,3050209,Edisto-South Carolina Coastal,30502,Edisto-Santee,305,South Atlantic-Gulf Region,3
129275,9626365,outlet,Cape Romain,305020901,Bulls Bay,3050209,Edisto-South Carolina Coastal,30502,Edisto-Santee,305,South Atlantic-Gulf Region,3
129281,25842605,outlet,Bulls Bay,305020902,Bulls Bay,3050209,Edisto-South Carolina Coastal,30502,Edisto-Santee,305,South Atlantic-Gulf Region,3
129306,166741121,outlet,Bulls Bay,305020902,Bulls Bay,3050209,Edisto-South Carolina Coastal,30502,Edisto-Santee,305,South Atlantic-Gulf Region,3
129308,20153585,outlet,Harbor River,305021001,St. Helena Island,3050210,Edisto-South Carolina Coastal,30502,Edisto-Santee,305,South Atlantic-Gulf Region,3
129316,20153633,outlet,Coosaw River-Port Royal Sound,305020711,Salkehatchie,3050207,Edisto-South Carolina Coastal,30502,Edisto-Santee,305,South Atlantic-Gulf Region,3
129419,20154211,outlet,Harbor River,305021001,St. Helena Island,3050210,Edisto-South Carolina Coastal,30502,Edisto-Santee,305,South Atlantic-Gulf Region,3
129446,20154323,outlet,Harbor River,305021001,St. Helena Island,3050210,Edisto-South Carolina Coastal,30502,Edisto-Santee,305,South Atlantic-Gulf Region,3
129448,20154327,outlet,Harbor River,305021001,St. Helena Island,3050210,Edisto-South Carolina Coastal,30502,Edisto-Santee,305,South Atlantic-Gulf Region,3
129474,20154949,outlet,Coosaw River-Port Royal Sound,305020711,Salkehatchie,3050207,Edisto-South Carolina Coastal,30502,Edisto-Santee,305,South Atlantic-Gulf Region,3
129492,20156439,outlet,Harbor River,305021001,St. Helena Island,3050210,Edisto-South Carolina Coastal,30502,Edisto-Santee,305,South Atlantic-Gulf Region,3
129499,20156537,outlet,Coosaw River-Port Royal Sound,305020711,Salkehatchie,3050207,Edisto-South Carolina Coastal,30502,Edisto-Santee,305,South Atlantic-Gulf Region,3
129501,20156553,outlet,Harbor River,305021001,St. Helena Island,3050210,Edisto-South Carolina Coastal,30502,Edisto-Santee,305,South Atlantic-Gulf Region,3
129502,20156591,outlet,Harbor River,305021001,St. Helena Island,3050210,Edisto-South Carolina Coastal,30502,Edisto-Santee,305,South Atlantic-Gulf Region,3
129509,20156441,outlet,Harbor River,305021001,St. Helena Island,3050210,Edisto-South Carolina Coastal,30502,Edisto-Santee,305,South Atlantic-Gulf Region,3
129542,20153607,outlet,Coosaw River-Port Royal Sound,305020711,Salkehatchie,3050207,Edisto-South Carolina Coastal,30502,Edisto-Santee,305,South Atlantic-Gulf Region,3
143097,20105363,outlet,Wilmington River-Atlantic Ocean,306020401,Ogeechee Coastal,3060204,Ogeechee,30602,Ogeechee-Savannah,306,South Atlantic-Gulf Region,3
143098,20105349,outlet,Wilmington River-Atlantic Ocean,306020401,Ogeechee Coastal,3060204,Ogeechee,30602,Ogeechee-Savannah,306,South Atlantic-Gulf Region,3
143356,20161671,outlet,New River-Atlantic Intracoastal Waterway,306011002,Calibogue Sound-Wright River,3060110,Savannah,30601,Ogeechee-Savannah,306,South Atlantic-Gulf Region,3
143475,20155219,outlet,Calibogue Sound,306011003,Calibogue Sound-Wright River,3060110,Savannah,30601,Ogeechee-Savannah,306,South Atlantic-Gulf Region,3
143508,20155181,outlet,Calibogue Sound,306011003,Calibogue Sound-Wright River,3060110,Savannah,30601,Ogeechee-Savannah,306,South Atlantic-Gulf Region,3
143652,20155183,outlet,Calibogue Sound,306011003,Calibogue Sound-Wright River,3060110,Savannah,30601,Ogeechee-Savannah,306,South Atlantic-Gulf Region,3
143653,20155185,outlet,Calibogue Sound,306011003,Calibogue Sound-Wright River,3060110,Savannah,30601,Ogeechee-Savannah,306,South Atlantic-Gulf Region,3
143673,20156563,outlet,Broad River-Port Royal Sound,305020806,Broad-St. Helena,3050208,Edisto-South Carolina Coastal,30502,Edisto-Santee,305,South Atlantic-Gulf Region,3
143735,20156409,outlet,Calibogue Sound,306011003,Calibogue Sound-Wright River,3060110,Savannah,30601,Ogeechee-Savannah,306,South Atlantic-Gulf Region,3
143813,20155935,outlet,New River-Atlantic Intracoastal Waterway,306011002,Calibogue Sound-Wright River,3060110,Savannah,30601,Ogeechee-Savannah,306,South Atlantic-Gulf Region,3
150279,6318029,outlet,Sapelo River-Atlantic Ocean,306020407,Ogeechee Coastal,3060204,Ogeechee,30602,Ogeechee-Savannah,306,South Atlantic-Gulf Region,3
150523,6316541,outlet,Sapelo River-Atlantic Ocean,306020407,Ogeechee Coastal,3060204,Ogeechee,30602,Ogeechee-Savannah,306,South Atlantic-Gulf Region,3
150526,6316587,outlet,Sapelo River-Atlantic Ocean,306020407,Ogeechee Coastal,3060204,Ogeechee,30602,Ogeechee-Savannah,306,South Atlantic-Gulf Region,3
150576,6314261,outlet,Wilmington River-Atlantic Ocean,306020401,Ogeechee Coastal,3060204,Ogeechee,30602,Ogeechee-Savannah,306,South Atlantic-Gulf Region,3
150610,6321931,outlet,Doboy Sound-Atlantic Ocean,306020408,Ogeechee Coastal,3060204,Ogeechee,30602,Ogeechee-Savannah,306,South Atlantic-Gulf Region,3
150757,6316609,outlet,Sapelo River-Atlantic Ocean,306020407,Ogeechee Coastal,3060204,Ogeechee,30602,Ogeechee-Savannah,306,South Atlantic-Gulf Region,3
150758,6318047,outlet,Sapelo River-Atlantic Ocean,306020407,Ogeechee Coastal,3060204,Ogeechee,30602,Ogeechee-Savannah,306,South Atlantic-Gulf Region,3
150816,6317991,outlet,Sapelo River-Atlantic Ocean,306020407,Ogeechee Coastal,3060204,Ogeechee,30602,Ogeechee-Savannah,306,South Atlantic-Gulf Region,3
151242,6317033,outlet,Ossabaw Sound-Atlantic Ocean,306020403,Ogeechee Coastal,3060204,Ogeechee,30602,Ogeechee-Savannah,306,South Atlantic-Gulf Region,3
151298,6314253,outlet,Wilmington River-Atlantic Ocean,306020401,Ogeechee Coastal,3060204,Ogeechee,30602,Ogeechee-Savannah,306,South Atlantic-Gulf Region,3
151299,6314239,outlet,Wilmington River-Atlantic Ocean,306020401,Ogeechee Coastal,3060204,Ogeechee,30602,Ogeechee-Savannah,306,South Atlantic-Gulf Region,3
151304,6315887,outlet,Ossabaw Sound-Atlantic Ocean,306020403,Ogeechee Coastal,3060204,Ogeechee,30602,Ogeechee-Savannah,306,South Atlantic-Gulf Region,3
151305,6315885,outlet,Ossabaw Sound-Atlantic Ocean,306020403,Ogeechee Coastal,3060204,Ogeechee,30602,Ogeechee-Savannah,306,South Atlantic-Gulf Region,3
151306,6315895,outlet,Ossabaw Sound-Atlantic Ocean,306020403,Ogeechee Coastal,3060204,Ogeechee,30602,Ogeechee-Savannah,306,South Atlantic-Gulf Region,3
151315,6317467,outlet,Ossabaw Sound-Atlantic Ocean,306020403,Ogeechee Coastal,3060204,Ogeechee,30602,Ogeechee-Savannah,306,South Atlantic-Gulf Region,3
151321,6314293,outlet,Wilmington River-Atlantic Ocean,306020401,Ogeechee Coastal,3060204,Ogeechee,30602,Ogeechee-Savannah,306,South Atlantic-Gulf Region,3
151322,6314295,outlet,Wilmington River-Atlantic Ocean,306020401,Ogeechee Coastal,3060204,Ogeechee,30602,Ogeechee-Savannah,306,South Atlantic-Gulf Region,3
151345,6317127,outlet,Medway River-Atlantic Ocean,306020405,Ogeechee Coastal,3060204,Ogeechee,30602,Ogeechee-Savannah,306,South Atlantic-Gulf Region,3
151346,6316407,outlet,North Newport River,306020404,Ogeechee Coastal,3060204,Ogeechee,30602,Ogeechee-Savannah,306,South Atlantic-Gulf Region,3
151347,6316403,outlet,North Newport River,306020404,Ogeechee Coastal,3060204,Ogeechee,30602,Ogeechee-Savannah,306,South Atlantic-Gulf Region,3
151393,6316633,outlet,Sapelo River-Atlantic Ocean,306020407,Ogeechee Coastal,3060204,Ogeechee,30602,Ogeechee-Savannah,306,South Atlantic-Gulf Region,3
151394,6316589,outlet,Sapelo River-Atlantic Ocean,306020407,Ogeechee Coastal,3060204,Ogeechee,30602,Ogeechee-Savannah,306,South Atlantic-Gulf Region,3
151411,6321837,outlet,Doboy Sound-Atlantic Ocean,306020408,Ogeechee Coastal,3060204,Ogeechee,30602,Ogeechee-Savannah,306,South Atlantic-Gulf Region,3
151450,6321009,outlet,Doboy Sound-Atlantic Ocean,306020408,Ogeechee Coastal,3060204,Ogeechee,30602,Ogeechee-Savannah,306,South Atlantic-Gulf Region,3
151454,6322267,outlet,Doboy Sound-Atlantic Ocean,306020408,Ogeechee Coastal,3060204,Ogeechee,30602,Ogeechee-Savannah,306,South Atlantic-Gulf Region,3
151456,6321621,outlet,Doboy Sound-Atlantic Ocean,306020408,Ogeechee Coastal,3060204,Ogeechee,30602,Ogeechee-Savannah,306,South Atlantic-Gulf Region,3
151458,6320977,outlet,Doboy Sound-Atlantic Ocean,306020408,Ogeechee Coastal,3060204,Ogeechee,30602,Ogeechee-Savannah,306,South Atlantic-Gulf Region,3
151461,6321593,outlet,Doboy Sound-Atlantic Ocean,306020408,Ogeechee Coastal,3060204,Ogeechee,30602,Ogeechee-Savannah,306,South Atlantic-Gulf Region,3
151462,6321767,outlet,Doboy Sound-Atlantic Ocean,306020408,Ogeechee Coastal,3060204,Ogeechee,30602,Ogeechee-Savannah,306,South Atlantic-Gulf Region,3
151629,6314291,outlet,Wilmington River-Atlantic Ocean,306020401,Ogeechee Coastal,3060204,Ogeechee,30602,Ogeechee-Savannah,306,South Atlantic-Gulf Region,3
151675,6312191,outlet,Wilmington River-Atlantic Ocean,306020401,Ogeechee Coastal,3060204,Ogeechee,30602,Ogeechee-Savannah,306,South Atlantic-Gulf Region,3
151687,6314355,outlet,Wilmington River-Atlantic Ocean,306020401,Ogeechee Coastal,3060204,Ogeechee,30602,Ogeechee-Savannah,306,South Atlantic-Gulf Region,3
151688,6314353,outlet,Wilmington River-Atlantic Ocean,306020401,Ogeechee Coastal,3060204,Ogeechee,30602,Ogeechee-Savannah,306,South Atlantic-Gulf Region,3
151701,6317473,outlet,Ossabaw Sound-Atlantic Ocean,306020403,Ogeechee Coastal,3060204,Ogeechee,30602,Ogeechee-Savannah,306,South Atlantic-Gulf Region,3
151727,6318391,outlet,Medway River-Atlantic Ocean,306020405,Ogeechee Coastal,3060204,Ogeechee,30602,Ogeechee-Savannah,306,South Atlantic-Gulf Region,3
151732,6318405,outlet,Ossabaw Sound-Atlantic Ocean,306020403,Ogeechee Coastal,3060204,Ogeechee,30602,Ogeechee-Savannah,306,South Atlantic-Gulf Region,3
151780,6317527,outlet,Ossabaw Sound-Atlantic Ocean,306020403,Ogeechee Coastal,3060204,Ogeechee,30602,Ogeechee-Savannah,306,South Atlantic-Gulf Region,3
151788,6318657,outlet,Sapelo River-Atlantic Ocean,306020407,Ogeechee Coastal,3060204,Ogeechee,30602,Ogeechee-Savannah,306,South Atlantic-Gulf Region,3
151791,6318401,outlet,Ossabaw Sound-Atlantic Ocean,306020403,Ogeechee Coastal,3060204,Ogeechee,30602,Ogeechee-Savannah,306,South Atlantic-Gulf Region,3
151794,6318605,outlet,North Newport River,306020404,Ogeechee Coastal,3060204,Ogeechee,30602,Ogeechee-Savannah,306,South Atlantic-Gulf Region,3
151810,6318651,outlet,Sapelo River-Atlantic Ocean,306020407,Ogeechee Coastal,3060204,Ogeechee,30602,Ogeechee-Savannah,306,South Atlantic-Gulf Region,3
151895,6322211,outlet,Doboy Sound-Atlantic Ocean,306020408,Ogeechee Coastal,3060204,Ogeechee,30602,Ogeechee-Savannah,306,South Atlantic-Gulf Region,3
151896,6322215,outlet,Doboy Sound-Atlantic Ocean,306020408,Ogeechee Coastal,3060204,Ogeechee,30602,Ogeechee-Savannah,306,South Atlantic-Gulf Region,3
151899,6322213,outlet,Doboy Sound-Atlantic Ocean,306020408,Ogeechee Coastal,3060204,Ogeechee,30602,Ogeechee-Savannah,306,South Atlantic-Gulf Region,3
151902,6322231,outlet,Doboy Sound-Atlantic Ocean,306020408,Ogeechee Coastal,3060204,Ogeechee,30602,Ogeechee-Savannah,306,South Atlantic-Gulf Region,3
151906,6322233,outlet,Doboy Sound-Atlantic Ocean,306020408,Ogeechee Coastal,3060204,Ogeechee,30602,Ogeechee-Savannah,306,South Atlantic-Gulf Region,3
151907,6322241,outlet,Doboy Sound-Atlantic Ocean,306020408,Ogeechee Coastal,3060204,Ogeechee,30602,Ogeechee-Savannah,306,South Atlantic-Gulf Region,3
151926,6322315,outlet,Doboy Sound-Atlantic Ocean,306020408,Ogeechee Coastal,3060204,Ogeechee,30602,Ogeechee-Savannah,306,South Atlantic-Gulf Region,3
151929,6322273,outlet,Doboy Sound-Atlantic Ocean,306020408,Ogeechee Coastal,3060204,Ogeechee,30602,Ogeechee-Savannah,306,South Atlantic-Gulf Region,3
151976,6314349,outlet,Wilmington River-Atlantic Ocean,306020401,Ogeechee Coastal,3060204,Ogeechee,30602,Ogeechee-Savannah,306,South Atlantic-Gulf Region,3
152006,6314271,outlet,Wilmington River-Atlantic Ocean,306020401,Ogeechee Coastal,3060204,Ogeechee,30602,Ogeechee-Savannah,306,South Atlantic-Gulf Region,3
152025,6317747,outlet,Medway River-Atlantic Ocean,306020405,Ogeechee Coastal,3060204,Ogeechee,30602,Ogeechee-Savannah,306,South Atlantic-Gulf Region,3
152026,6325325,outlet,North Newport River,306020404,Ogeechee Coastal,3060204,Ogeechee,30602,Ogeechee-Savannah,306,South Atlantic-Gulf Region,3
152052,6325377,outlet,Wilmington River-Atlantic Ocean,306020401,Ogeechee Coastal,3060204,Ogeechee,30602,Ogeechee-Savannah,306,South Atlantic-Gulf Region,3
152058,6317479,outlet,Ossabaw Sound-Atlantic Ocean,306020403,Ogeechee Coastal,3060204,Ogeechee,30602,Ogeechee-Savannah,306,South Atlantic-Gulf Region,3
152066,6325425,outlet,Sapelo River-Atlantic Ocean,306020407,Ogeechee Coastal,3060204,Ogeechee,30602,Ogeechee-Savannah,306,South Atlantic-Gulf Region,3
152067,6314249,outlet,Wilmington River-Atlantic Ocean,306020401,Ogeechee Coastal,3060204,Ogeechee,30602,Ogeechee-Savannah,306,South Atlantic-Gulf Region,3
152139,6318015,outlet,Sapelo River-Atlantic Ocean,306020407,Ogeechee Coastal,3060204,Ogeechee,30602,Ogeechee-Savannah,306,South Atlantic-Gulf Region,3
152153,6317793,outlet,North Newport River,306020404,Ogeechee Coastal,3060204,Ogeechee,30602,Ogeechee-Savannah,306,South Atlantic-Gulf Region,3
153077,6322363,outlet,Doboy Sound-Atlantic Ocean,306020408,Ogeechee Coastal,3060204,Ogeechee,30602,Ogeechee-Savannah,306,South Atlantic-Gulf Region,3
